{"predictions":{"Nose":{"x":562.225341796875,"y":297.7959289550781,"score":1},"LeftEye":{"x":581.8184814453125,"y":254.69387817382812,"score":1},"RightEye":{"x":515.201904296875,"y":262.5306091308594,"score":1},"LeftEar":{"x":628.8419189453125,"y":227.2653045654297,"score":1},"RightEar":{"x":456.42254638671875,"y":242.93878173828125,"score":1},"LeftShoulder":{"x":754.2378540039062,"y":399.6734619140625,"score":1},"RightShoulder":{"x":358.45697021484375,"y":387.9183654785156,"score":1},"LeftElbow":{"x":832.6103515625,"y":658.2857055664062,"score":1},"RightElbow":{"x":311.4335021972656,"y":607.346923828125,"score":1},"LeftWrist":{"x":816.9358520507812,"y":842.448974609375,"score":1},"RightWrist":{"x":472.0970153808594,"y":387.9183654785156,"score":1},"LeftHip":{"x":687.6212768554688,"y":901.2244873046875,"score":1},"RightHip":{"x":452.50390625,"y":912.9796142578125,"score":1},"LeftKnee":{"x":644.5164184570312,"y":1344,"score":1},"RightKnee":{"x":374.1314697265625,"y":1332.244873046875,"score":1},"LeftAnkle":{"x":573.981201171875,"y":1728,"score":1},"RightAnkle":{"x":197.79342651367188,"y":1731.9183349609375,"score":1}}}