{"predictions":{"Nose":{"x":476.0526428222656,"y":226.02503967285156,"score":1},"LeftEye":{"x":500.9210510253906,"y":208.26290893554688,"score":1},"RightEye":{"x":444.0789489746094,"y":211.81533813476562,"score":1},"LeftEar":{"x":529.3421020507812,"y":247.339599609375,"score":1},"RightEar":{"x":376.5789489746094,"y":279.3114318847656,"score":1},"LeftShoulder":{"x":614.6052856445312,"y":424.96087646484375,"score":1},"RightShoulder":{"x":330.3947448730469,"y":474.69482421875,"score":1},"LeftElbow":{"x":721.1842041015625,"y":645.2112426757812,"score":1},"RightElbow":{"x":280.65789794921875,"y":698.4976806640625,"score":1},"LeftWrist":{"x":653.6842041015625,"y":822.8325805664062,"score":1},"RightWrist":{"x":245.13157653808594,"y":840.5946655273438,"score":1},"LeftHip":{"x":603.9473876953125,"y":897.4334716796875,"score":1},"RightHip":{"x":408.5526428222656,"y":918.748046875,"score":1},"LeftKnee":{"x":575.5263061523438,"y":1238.46630859375,"score":1},"RightKnee":{"x":490.2631530761719,"y":1238.46630859375,"score":1},"LeftAnkle":{"x":490.2631530761719,"y":1512.003173828125,"score":1},"RightAnkle":{"x":454.7368469238281,"y":1629.233154296875,"score":1}}}