{"predictions":{"Nose":{"x":570,"y":625.625,"score":1},"LeftEye":{"x":597,"y":604.5703125,"score":1},"RightEye":{"x":540,"y":601.5625,"score":1},"LeftEar":{"x":627,"y":613.59375,"score":1},"RightEar":{"x":516,"y":604.5703125,"score":1},"LeftShoulder":{"x":729,"y":721.875,"score":1},"RightShoulder":{"x":447,"y":703.828125,"score":1},"LeftElbow":{"x":771,"y":878.28125,"score":1},"RightElbow":{"x":372,"y":860.234375,"score":1},"LeftWrist":{"x":687,"y":688.7890625,"score":1},"RightWrist":{"x":387,"y":1004.609375,"score":1},"LeftHip":{"x":597,"y":1088.828125,"score":1},"RightHip":{"x":480,"y":1088.828125,"score":1},"LeftKnee":{"x":609,"y":1419.6875,"score":1},"RightKnee":{"x":471,"y":1419.6875,"score":1},"LeftAnkle":{"x":633,"y":1762.578125,"score":1},"RightAnkle":{"x":483,"y":1768.59375,"score":1}}}