{"predictions":{"Nose":{"x":794.7019653320312,"y":295.629150390625,"score":1},"LeftEye":{"x":788.3443603515625,"y":254.3046417236328,"score":1},"RightEye":{"x":737.4834594726562,"y":254.3046417236328,"score":1},"LeftEar":{"x":0,"y":0,"score":1},"RightEar":{"x":626.2251586914062,"y":301.98675537109375,"score":1},"LeftShoulder":{"x":899.6026611328125,"y":505.4304504394531,"score":1},"RightShoulder":{"x":514.9668579101562,"y":524.5032958984375,"score":1},"LeftElbow":{"x":1001.3245239257812,"y":762.9138793945312,"score":1},"RightElbow":{"x":445.0331115722656,"y":791.523193359375,"score":1},"LeftWrist":{"x":905.9602661132812,"y":778.8079223632812,"score":1},"RightWrist":{"x":642.1192016601562,"y":788.3443603515625,"score":1},"LeftHip":{"x":890.0662231445312,"y":1080.794677734375,"score":1},"RightHip":{"x":632.582763671875,"y":1099.8675537109375,"score":1},"LeftKnee":{"x":950.4635620117188,"y":1478.145751953125,"score":1},"RightKnee":{"x":648.476806640625,"y":1541.7218017578125,"score":1},"LeftAnkle":{"x":985.4304809570312,"y":1764.2384033203125,"score":1},"RightAnkle":{"x":689.8013305664062,"y":1830.993408203125,"score":1}}}