{"predictions":{"Nose":{"x":695.0399780273438,"y":691.2000122070312,"score":1},"LeftEye":{"x":714.239990234375,"y":660.47998046875,"score":1},"RightEye":{"x":672,"y":664.3200073242188,"score":1},"LeftEar":{"x":764.1599731445312,"y":660.47998046875,"score":1},"RightEar":{"x":0,"y":0,"score":1},"LeftShoulder":{"x":856.3200073242188,"y":783.3599853515625,"score":1},"RightShoulder":{"x":625.9199829101562,"y":798.719970703125,"score":1},"LeftElbow":{"x":887.0399780273438,"y":940.7999877929688,"score":1},"RightElbow":{"x":556.7999877929688,"y":917.760009765625,"score":1},"LeftWrist":{"x":879.3599853515625,"y":1102.0799560546875,"score":1},"RightWrist":{"x":606.719970703125,"y":1029.1199951171875,"score":1},"LeftHip":{"x":833.280029296875,"y":1109.760009765625,"score":1},"RightHip":{"x":679.6799926757812,"y":1125.1199951171875,"score":1},"LeftKnee":{"x":829.4400024414062,"y":1351.6800537109375,"score":1},"RightKnee":{"x":695.0399780273438,"y":1363.199951171875,"score":1},"LeftAnkle":{"x":833.280029296875,"y":1585.9200439453125,"score":1},"RightAnkle":{"x":698.8800048828125,"y":1589.760009765625,"score":1}}}