{"predictions":{"Nose":{"x":235.0890655517578,"y":541.9693603515625,"score":1},"LeftEye":{"x":268.7015686035156,"y":529.3654174804688,"score":1},"RightEye":{"x":209.8796844482422,"y":525.1641235351562,"score":1},"LeftEar":{"x":306.515625,"y":583.9824829101562,"score":1},"RightEar":{"x":167.8640594482422,"y":583.9824829101562,"score":1},"LeftShoulder":{"x":310.7171936035156,"y":672.2100830078125,"score":1},"RightShoulder":{"x":138.453125,"y":680.6126708984375,"score":1},"LeftElbow":{"x":352.7328186035156,"y":483.1509704589844,"score":1},"RightElbow":{"x":134.25155639648438,"y":487.352294921875,"score":1},"LeftWrist":{"x":340.12811279296875,"y":319.2997741699219,"score":1},"RightWrist":{"x":184.67031860351562,"y":331.9037170410156,"score":1},"LeftHip":{"x":298.11248779296875,"y":1071.3348388671875,"score":1},"RightHip":{"x":163.66250610351562,"y":1067.1334228515625,"score":1},"LeftKnee":{"x":323.3218688964844,"y":1365.4266357421875,"score":1},"RightKnee":{"x":172.0656280517578,"y":1378.0306396484375,"score":1},"LeftAnkle":{"x":352.7328186035156,"y":1638.5120849609375,"score":1},"RightAnkle":{"x":180.46875,"y":1667.9212646484375,"score":1}}}