{"predictions":{"Nose":{"x":401.6901550292969,"y":190.8074493408203,"score":1},"LeftEye":{"x":433.4898376464844,"y":170.93167114257812,"score":1},"RightEye":{"x":377.8403625488281,"y":166.95652770996094,"score":1},"LeftEar":{"x":497.0892028808594,"y":190.8074493408203,"score":1},"RightEar":{"x":350.0156555175781,"y":190.8074493408203,"score":1},"LeftShoulder":{"x":568.6384887695312,"y":389.5652160644531,"score":1},"RightShoulder":{"x":262.5664978027344,"y":345.8385009765625,"score":1},"LeftElbow":{"x":644.1627807617188,"y":636.0248413085938,"score":1},"RightElbow":{"x":179.0923309326172,"y":584.3478393554688,"score":1},"LeftWrist":{"x":620.31298828125,"y":858.633544921875,"score":1},"RightWrist":{"x":151.26760864257812,"y":834.7825927734375,"score":1},"LeftHip":{"x":501.06414794921875,"y":810.9317016601562,"score":1},"RightHip":{"x":266.5414733886719,"y":795.0310668945312,"score":1},"LeftKnee":{"x":429.5148620605469,"y":1244.2236328125,"score":1},"RightKnee":{"x":266.5414733886719,"y":1184.5963134765625,"score":1},"LeftAnkle":{"x":449.3896789550781,"y":1621.8634033203125,"score":1},"RightAnkle":{"x":298.3411560058594,"y":1629.813720703125,"score":1}}}