{"predictions":{"Nose":{"x":541.504150390625,"y":409.0625,"score":1},"LeftEye":{"x":562.5626831054688,"y":385,"score":1},"RightEye":{"x":511.4206237792969,"y":391.015625,"score":1},"LeftEar":{"x":613.7047119140625,"y":400.0390625,"score":1},"RightEar":{"x":481.3370361328125,"y":433.125,"score":1},"LeftShoulder":{"x":679.8885498046875,"y":547.421875,"score":1},"RightShoulder":{"x":442.2284240722656,"y":568.4765625,"score":1},"LeftElbow":{"x":809.2479248046875,"y":691.796875,"score":1},"RightElbow":{"x":327.9108581542969,"y":733.90625,"score":1},"LeftWrist":{"x":722.0055541992188,"y":520.3515625,"score":1},"RightWrist":{"x":147.4094696044922,"y":706.8359375,"score":1},"LeftHip":{"x":613.7047119140625,"y":938.4375,"score":1},"RightHip":{"x":448.2451171875,"y":929.4140625,"score":1},"LeftKnee":{"x":583.6211547851562,"y":1266.2890625,"score":1},"RightKnee":{"x":448.2451171875,"y":1269.296875,"score":1},"LeftAnkle":{"x":694.9303588867188,"y":1714.453125,"score":1},"RightAnkle":{"x":529.4707641601562,"y":1675.3515625,"score":1}}}