{"predictions":{"Nose":{"x":389.21875,"y":472.1311340332031,"score":1},"LeftEye":{"x":416.20001220703125,"y":445.1522216796875,"score":1},"RightEye":{"x":353.2437438964844,"y":454.14520263671875,"score":1},"LeftEar":{"x":0,"y":0,"score":1},"RightEar":{"x":303.77813720703125,"y":472.1311340332031,"score":1},"LeftShoulder":{"x":501.640625,"y":611.5222778320312,"score":1},"RightShoulder":{"x":200.35000610351562,"y":647.494140625,"score":1},"LeftElbow":{"x":533.1187744140625,"y":800.3746948242188,"score":1},"RightElbow":{"x":51.953125,"y":795.8782348632812,"score":1},"LeftWrist":{"x":560.0999755859375,"y":975.7377319335938,"score":1},"RightWrist":{"x":227.3312530517578,"y":957.7517700195312,"score":1},"LeftHip":{"x":492.6468811035156,"y":1133.11474609375,"score":1},"RightHip":{"x":348.74688720703125,"y":1160.0936279296875,"score":1},"LeftKnee":{"x":479.15625,"y":1483.8406982421875,"score":1},"RightKnee":{"x":357.7406311035156,"y":1501.82666015625,"score":1},"LeftAnkle":{"x":434.1875,"y":1780.60888671875,"score":1},"RightAnkle":{"x":393.71563720703125,"y":1812.0843505859375,"score":1}}}