{"predictions":{"Nose":{"x":387.5843811035156,"y":651.9906616210938,"score":1},"LeftEye":{"x":410.0687561035156,"y":629.5081787109375,"score":1},"RightEye":{"x":374.09375,"y":629.5081787109375,"score":1},"LeftEar":{"x":468.52813720703125,"y":638.5011596679688,"score":1},"RightEar":{"x":0,"y":0,"score":1},"LeftShoulder":{"x":526.9874877929688,"y":755.4098510742188,"score":1},"RightShoulder":{"x":324.62811279296875,"y":782.3887329101562,"score":1},"LeftElbow":{"x":657.3968505859375,"y":836.3466186523438,"score":1},"RightElbow":{"x":261.671875,"y":948.7587890625,"score":1},"LeftWrist":{"x":792.3031005859375,"y":809.36767578125,"score":1},"RightWrist":{"x":162.74063110351562,"y":1061.1710205078125,"score":1},"LeftHip":{"x":517.9937744140625,"y":1146.604248046875,"score":1},"RightHip":{"x":378.59063720703125,"y":1169.086669921875,"score":1},"LeftKnee":{"x":580.9500122070312,"y":1362.435546875,"score":1},"RightKnee":{"x":356.10626220703125,"y":1353.442626953125,"score":1},"LeftAnkle":{"x":491.01251220703125,"y":1609.742431640625,"score":1},"RightAnkle":{"x":257.17498779296875,"y":1627.7283935546875,"score":1}}}