{"predictions":{"Nose":{"x":649.4117647,"y":188.2352941,"score":1},"LeftEye":{"x":683.9215686,"y":153.7254902,"score":1},"RightEye":{"x":611.7647059,"y":153.7254902,"score":1},"LeftEar":{"x":727.8431373,"y":178.8235294,"score":1},"RightEar":{"x":574.1176471,"y":181.9607843,"score":1},"LeftShoulder":{"x":821.9607843,"y":392.1568627,"score":1},"RightShoulder":{"x":480,"y":392.1568627,"score":1},"LeftElbow":{"x":853.3333333,"y":690.1960784,"score":1},"RightElbow":{"x":442.3529412,"y":674.5098039,"score":1},"LeftWrist":{"x":850.1960784,"y":950.5882353,"score":1},"RightWrist":{"x":392.1568627,"y":941.1764706,"score":1},"LeftHip":{"x":721.5686275,"y":988.2352941,"score":1},"RightHip":{"x":505.0980392,"y":941.1764706,"score":1},"LeftKnee":{"x":724.7058824,"y":1317.647059,"score":1},"RightKnee":{"x":501.9607843,"y":1323.921569,"score":1},"LeftAnkle":{"x":752.9411765,"y":1700.392157,"score":1},"RightAnkle":{"x":517.6470588,"y":1662.745098,"score":1}}}