{"predictions":{"Nose":{"x":321.95001220703125,"y":464.0758361816406,"score":1},"LeftEye":{"x":340.1499938964844,"y":445.87677001953125,"score":1},"RightEye":{"x":276.45001220703125,"y":454.976318359375,"score":1},"LeftEar":{"x":385.6499938964844,"y":450.4265441894531,"score":1},"RightEar":{"x":258.25,"y":473.17535400390625,"score":1},"LeftShoulder":{"x":431.1499938964844,"y":614.218017578125,"score":1},"RightShoulder":{"x":258.25,"y":618.7677612304688,"score":1},"LeftElbow":{"x":490.29998779296875,"y":841.7061767578125,"score":1},"RightElbow":{"x":130.85000610351562,"y":805.3080444335938,"score":1},"LeftWrist":{"x":513.0499877929688,"y":1078.2938232421875,"score":1},"RightWrist":{"x":221.85000610351562,"y":550.5213012695312,"score":1},"LeftHip":{"x":381.1000061035156,"y":1041.895751953125,"score":1},"RightHip":{"x":190,"y":1032.7962646484375,"score":1},"LeftKnee":{"x":321.95001220703125,"y":1364.928955078125,"score":1},"RightKnee":{"x":253.6999969482422,"y":1369.4786376953125,"score":1},"LeftAnkle":{"x":362.8999938964844,"y":1660.6634521484375,"score":1},"RightAnkle":{"x":281,"y":1642.4644775390625,"score":1}}}