{"predictions":{"Nose":{"x":337.2549133300781,"y":197.64706420898438,"score":1},"LeftEye":{"x":359.2156982421875,"y":166.27450561523438,"score":1},"RightEye":{"x":302.7450866699219,"y":178.8235321044922,"score":1},"LeftEar":{"x":421.9607849121094,"y":194.5098114013672,"score":1},"RightEar":{"x":280.7843017578125,"y":225.88235473632812,"score":1},"LeftShoulder":{"x":544.313720703125,"y":385.8823547363281,"score":1},"RightShoulder":{"x":255.686279296875,"y":426.6666564941406,"score":1},"LeftElbow":{"x":716.8627319335938,"y":605.4901733398438,"score":1},"RightElbow":{"x":224.313720703125,"y":611.7647094726562,"score":1},"LeftWrist":{"x":619.6078491210938,"y":784.313720703125,"score":1},"RightWrist":{"x":249.41175842285156,"y":781.1764526367188,"score":1},"LeftHip":{"x":475.29412841796875,"y":903.5294189453125,"score":1},"RightHip":{"x":312.1568603515625,"y":916.0784301757812,"score":1},"LeftKnee":{"x":487.8431396484375,"y":1214.11767578125,"score":1},"RightKnee":{"x":255.686279296875,"y":1207.8431396484375,"score":1},"LeftAnkle":{"x":487.8431396484375,"y":1505.88232421875,"score":1},"RightAnkle":{"x":277.6470642089844,"y":1490.196044921875,"score":1}}}