{"predictions":{"Nose":{"x":261.7406311035156,"y":753.6156616210938,"score":1},"LeftEye":{"x":280.5,"y":716.0911865234375,"score":1},"RightEye":{"x":227.3484344482422,"y":728.599365234375,"score":1},"LeftEar":{"x":405.5625,"y":687.9478759765625,"score":1},"RightEar":{"x":0,"y":0,"score":1},"LeftShoulder":{"x":458.71405029296875,"y":856.8078002929688,"score":1},"RightShoulder":{"x":280.5,"y":859.9348754882812,"score":1},"LeftElbow":{"x":377.4234313964844,"y":1016.28662109375,"score":1},"RightElbow":{"x":142.93124389648438,"y":944.3648071289062,"score":1},"LeftWrist":{"x":299.2593688964844,"y":900.5863037109375,"score":1},"RightWrist":{"x":205.46249389648438,"y":850.5537719726562,"score":1},"LeftHip":{"x":396.18280029296875,"y":1266.449462890625,"score":1},"RightHip":{"x":242.9812469482422,"y":1247.687255859375,"score":1},"LeftKnee":{"x":339.9046936035156,"y":1504.104248046875,"score":1},"RightKnee":{"x":224.2218780517578,"y":1507.2313232421875,"score":1},"LeftAnkle":{"x":361.7906188964844,"y":1748.0130615234375,"score":1},"RightAnkle":{"x":261.7406311035156,"y":1707.361572265625,"score":1}}}