{"predictions":{"Nose":{"x":429.78436279296875,"y":314.75408935546875,"score":1},"LeftEye":{"x":465.7593688964844,"y":287.7751770019531,"score":1},"RightEye":{"x":380.3187561035156,"y":287.7751770019531,"score":1},"LeftEar":{"x":560.1937255859375,"y":301.2646484375,"score":1},"RightEar":{"x":0,"y":0,"score":1},"LeftShoulder":{"x":627.6468505859375,"y":526.0889892578125,"score":1},"RightShoulder":{"x":303.87188720703125,"y":557.5643920898438,"score":1},"LeftElbow":{"x":690.6031494140625,"y":818.3606567382812,"score":1},"RightElbow":{"x":236.4187469482422,"y":818.3606567382812,"score":1},"LeftWrist":{"x":641.1375122070312,"y":1061.1710205078125,"score":1},"RightWrist":{"x":128.49374389648438,"y":750.913330078125,"score":1},"LeftHip":{"x":551.2000122070312,"y":1115.1287841796875,"score":1},"RightHip":{"x":344.34375,"y":1119.625244140625,"score":1},"LeftKnee":{"x":609.6593627929688,"y":1474.8477783203125,"score":1},"RightKnee":{"x":389.3125,"y":1501.82666015625,"score":1},"LeftAnkle":{"x":650.1312255859375,"y":1911.007080078125,"score":1},"RightAnkle":{"x":443.2749938964844,"y":1906.510498046875,"score":1}}}