{"predictions":{"Nose":{"x":645.9728393554688,"y":219.3427276611328,"score":1},"LeftEye":{"x":667.0045166015625,"y":198.3098602294922,"score":1},"RightEye":{"x":615.9276123046875,"y":201.31455993652344,"score":1},"LeftEar":{"x":712.0723876953125,"y":216.33802795410156,"score":1},"RightEar":{"x":579.873291015625,"y":228.3568115234375,"score":1},"LeftShoulder":{"x":823.2398071289062,"y":426.6666564941406,"score":1},"RightShoulder":{"x":507.76470947265625,"y":450.7042236328125,"score":1},"LeftElbow":{"x":916.3800659179688,"y":688.0751342773438,"score":1},"RightElbow":{"x":462.69683837890625,"y":727.1361694335938,"score":1},"LeftWrist":{"x":937.4117431640625,"y":820.2816772460938,"score":1},"RightWrist":{"x":465.70135498046875,"y":847.3239135742188,"score":1},"LeftHip":{"x":775.1674194335938,"y":991.54931640625,"score":1},"RightHip":{"x":543.8190307617188,"y":1000.5633544921875,"score":1},"LeftKnee":{"x":808.2172241210938,"y":1340.0938720703125,"score":1},"RightKnee":{"x":519.7827758789062,"y":1346.103271484375,"score":1},"LeftAnkle":{"x":859.2941284179688,"y":1682.629150390625,"score":1},"RightAnkle":{"x":513.7737426757812,"y":1685.6337890625,"score":1}}}