{"predictions":{"Nose":{"x":521.8812255859375,"y":300.671142578125,"score":1},"LeftEye":{"x":0,"y":0,"score":1},"RightEye":{"x":496.109375,"y":279.19464111328125,"score":1},"LeftEar":{"x":0,"y":0,"score":1},"RightEar":{"x":418.79376220703125,"y":300.671142578125,"score":1},"LeftShoulder":{"x":504.70001220703125,"y":442.4161071777344,"score":1},"RightShoulder":{"x":277.0484313964844,"y":416.644287109375,"score":1},"LeftElbow":{"x":642.1500244140625,"y":691.5436401367188,"score":1},"RightElbow":{"x":285.6390686035156,"y":695.8389282226562,"score":1},"LeftWrist":{"x":813.9625244140625,"y":902.013427734375,"score":1},"RightWrist":{"x":496.109375,"y":837.5838623046875,"score":1},"LeftHip":{"x":418.79376220703125,"y":953.5570678710938,"score":1},"RightHip":{"x":234.09530639648438,"y":936.3758544921875,"score":1},"LeftKnee":{"x":500.4046936035156,"y":1232.751708984375,"score":1},"RightKnee":{"x":225.5046844482422,"y":1262.81884765625,"score":1},"LeftAnkle":{"x":629.2640380859375,"y":1597.852294921875,"score":1},"RightAnkle":{"x":173.9609375,"y":1559.194580078125,"score":1}}}