{"predictions":{"Nose":{"x":515.6756591796875,"y":223.81875610351562,"score":1},"LeftEye":{"x":544.8648681640625,"y":188.1374969482422,"score":1},"RightEye":{"x":467.02703857421875,"y":184.8937530517578,"score":1},"LeftEar":{"x":587.0270385742188,"y":210.84375,"score":1},"RightEar":{"x":424.8648681640625,"y":220.5749969482422,"score":1},"LeftShoulder":{"x":651.8919067382812,"y":450.8812561035156,"score":1},"RightShoulder":{"x":321.0810852050781,"y":470.34375,"score":1},"LeftElbow":{"x":720,"y":684.4312744140625,"score":1},"RightElbow":{"x":204.32432556152344,"y":723.3562622070312,"score":1},"LeftWrist":{"x":807.5675659179688,"y":820.6687622070312,"score":1},"RightWrist":{"x":236.7567596435547,"y":927.7125244140625,"score":1},"LeftHip":{"x":603.2432250976562,"y":979.6124877929688,"score":1},"RightHip":{"x":379.45947265625,"y":986.0999755859375,"score":1},"LeftKnee":{"x":554.5946044921875,"y":1320.206298828125,"score":1},"RightKnee":{"x":408.6486511230469,"y":1261.8187255859375,"score":1},"LeftAnkle":{"x":538.3783569335938,"y":1582.949951171875,"score":1},"RightAnkle":{"x":385.9459533691406,"y":1592.6812744140625,"score":1}}}