{"predictions":{"Nose":{"x":679.0585327148438,"y":318.4976501464844,"score":1},"LeftEye":{"x":709.1054077148438,"y":297.46478271484375,"score":1},"RightEye":{"x":655.0210571289062,"y":297.46478271484375,"score":1},"LeftEar":{"x":784.2224731445312,"y":321.5023498535156,"score":1},"RightEar":{"x":0,"y":0,"score":1},"LeftShoulder":{"x":838.3067626953125,"y":471.7370910644531,"score":1},"RightShoulder":{"x":612.9555053710938,"y":453.70892333984375,"score":1},"LeftElbow":{"x":769.1990356445312,"y":718.1220703125,"score":1},"RightElbow":{"x":706.1007080078125,"y":633.9906005859375,"score":1},"LeftWrist":{"x":859.339599609375,"y":724.1314697265625,"score":1},"RightWrist":{"x":925.442626953125,"y":537.8403930664062,"score":1},"LeftHip":{"x":751.1709594726562,"y":922.4412841796875,"score":1},"RightHip":{"x":546.8524780273438,"y":904.4131469726562,"score":1},"LeftKnee":{"x":856.3348999023438,"y":1334.08447265625,"score":1},"RightKnee":{"x":501.7821960449219,"y":1343.0986328125,"score":1},"LeftAnkle":{"x":1039.62060546875,"y":1706.6666259765625,"score":1},"RightAnkle":{"x":201.31381225585938,"y":1649.5775146484375,"score":1}}}