{"predictions":{"Nose":{"x":322.3529357910156,"y":536.4705810546875,"score":1},"LeftEye":{"x":353.7254943847656,"y":498.8235168457031,"score":1},"RightEye":{"x":290.9803771972656,"y":501.9607849121094,"score":1},"LeftEar":{"x":403.92156982421875,"y":501.9607849121094,"score":1},"RightEar":{"x":237.64706420898438,"y":511.37255859375,"score":1},"LeftShoulder":{"x":472.941162109375,"y":680.7843017578125,"score":1},"RightShoulder":{"x":178.03921508789062,"y":693.3333129882812,"score":1},"LeftElbow":{"x":513.7254638671875,"y":909.8038940429688,"score":1},"RightElbow":{"x":156.07843017578125,"y":906.6666870117188,"score":1},"LeftWrist":{"x":529.4117431640625,"y":1088.62744140625,"score":1},"RightWrist":{"x":152.94117736816406,"y":1098.0391845703125,"score":1},"LeftHip":{"x":425.8823547363281,"y":1104.313720703125,"score":1},"RightHip":{"x":256.4705810546875,"y":1101.176513671875,"score":1},"LeftKnee":{"x":400.7843017578125,"y":1440,"score":1},"RightKnee":{"x":281.5686340332031,"y":1440,"score":1},"LeftAnkle":{"x":388.23529052734375,"y":1731.7646484375,"score":1},"RightAnkle":{"x":294.1176452636719,"y":1738.0391845703125,"score":1}}}