{"predictions":{"Nose":{"x":442.9213562011719,"y":270.05938720703125,"score":1},"LeftEye":{"x":479.3258361816406,"y":233.64688110351562,"score":1},"RightEye":{"x":388.3146057128906,"y":236.68124389648438,"score":1},"LeftEar":{"x":512.6966552734375,"y":273.09375,"score":1},"RightEar":{"x":345.8426818847656,"y":270.05938720703125,"score":1},"LeftShoulder":{"x":612.8089599609375,"y":458.19061279296875,"score":1},"RightShoulder":{"x":248.7640380859375,"y":497.63751220703125,"score":1},"LeftElbow":{"x":655.2808837890625,"y":685.7687377929688,"score":1},"RightElbow":{"x":200.22471618652344,"y":728.25,"score":1},"LeftWrist":{"x":837.3033447265625,"y":728.25,"score":1},"RightWrist":{"x":245.73033142089844,"y":840.5218505859375,"score":1},"LeftHip":{"x":567.3033447265625,"y":1062.03125,"score":1},"RightHip":{"x":342.8089904785156,"y":1077.203125,"score":1},"LeftKnee":{"x":561.2359619140625,"y":1456.5,"score":1},"RightKnee":{"x":361.01123046875,"y":1483.809326171875,"score":1},"LeftAnkle":{"x":579.438232421875,"y":1784.2125244140625,"score":1},"RightAnkle":{"x":379.2134704589844,"y":1811.5218505859375,"score":1}}}