{
"predictions" : {
	"Nose" : {
		"x" : 744.299,
		"y" : 650.023,
		"score" :0.9253
},
	"Neck" : {
		"x" : 770.571,
		"y" : 760.005,
		"score" :0.918678
},
	"RightShoulder" : {
		"x" : 660.573,
		"y" : 770.186,
		"score" :0.842177
},
	"RightElbow" : {
		"x" : 603.061,
		"y" : 875.296,
		"score" :0.866305
},
	"RightWrist" : {
		"x" : 571.608,
		"y" : 1006.06,
		"score" :0.817603
},
	"LeftShoulder" : {
		"x" : 875.217,
		"y" : 744.212,
		"score" :0.809702
},
	"LeftElbow" : {
		"x" : 964.297,
		"y" : 854.168,
		"score" :0.845234
},
	"LeftWrist" : {
		"x" : 1021.59,
		"y" : 979.72,
		"score" :0.876013
},
	"MiddleHip" : {
		"x" : 780.846,
		"y" : 1022.02,
		"score" :0.856311
},
	"RightHip" : {
		"x" : 728.343,
		"y" : 1026.99,
		"score" :0.844864
},
	"RightKnee" : {
		"x" : 723.321,
		"y" : 1220.85,
		"score" :0.847997
},
	"RightAnkle" : {
		"x" : 691.982,
		"y" : 1404.49,
		"score" :0.878531
},
	"LeftHip" : {
		"x" : 849.062,
		"y" : 1021.93,
		"score" :0.831387
},
	"LeftKnee" : {
		"x" : 853.956,
		"y" : 1226.11,
		"score" :0.836899
},
	"LeftAnkle" : {
		"x" : 870.04,
		"y" : 1419.9,
		"score" :0.818404
},
	"RightEye" : {
		"x" : 728.465,
		"y" : 644.511,
		"score" :0.944279
},
	"LeftEye" : {
		"x" : 770.275,
		"y" : 634.301,
		"score" :0.90499
},
	"RightEar" : {
		"x" : 692.151,
		"y" : 650.084,
		"score" :0.869018
},
	"LeftEar" : {
		"x" : 796.698,
		"y" : 644.534,
		"score" :0.789997
},
	"LeftBigToe" : {
		"x" : 848.947,
		"y" : 1488.11,
		"score" :0.838723
},
	"LeftSmallToe" : {
		"x" : 875.342,
		"y" : 1482.99,
		"score" :0.817007
},
	"RightBigToe" : {
		"x" : 885.782,
		"y" : 1435.63,
		"score" :0.745958
},
	"RightSmallToe" : {
		"x" : 702.457,
		"y" : 1472.27,
		"score" :0.779946
},
	"RightHeel" : {
		"x" : 681.224,
		"y" : 1456.73,
		"score" :0.750866
},
	"Background" : {
		"x" : 697.227,
		"y" : 1430.44,
		"score" :0.679925
}
}
}