{
"predictions" : {
	"Nose" : {
		"x" : 744.399,
		"y" : 519.27,
		"score" :0.900773
},
	"Neck" : {
		"x" : 801.956,
		"y" : 602.692,
		"score" :0.896734
},
	"RightShoulder" : {
		"x" : 691.784,
		"y" : 607.953,
		"score" :0.904036
},
	"RightElbow" : {
		"x" : 686.465,
		"y" : 775.869,
		"score" :0.857743
},
	"RightWrist" : {
		"x" : 650.027,
		"y" : 943.086,
		"score" :0.929901
},
	"LeftShoulder" : {
		"x" : 901.687,
		"y" : 587.184,
		"score" :0.823144
},
	"LeftElbow" : {
		"x" : 974.805,
		"y" : 775.951,
		"score" :0.857374
},
	"LeftWrist" : {
		"x" : 985.357,
		"y" : 943.145,
		"score" :0.924108
},
	"MiddleHip" : {
		"x" : 822.827,
		"y" : 969.441,
		"score" :0.723091
},
	"RightHip" : {
		"x" : 765.035,
		"y" : 974.723,
		"score" :0.719236
},
	"RightKnee" : {
		"x" : 770.621,
		"y" : 1241.98,
		"score" :0.766879
},
	"RightAnkle" : {
		"x" : 775.785,
		"y" : 1524.79,
		"score" :0.80506
},
	"LeftHip" : {
		"x" : 896.258,
		"y" : 959.067,
		"score" :0.739231
},
	"LeftKnee" : {
		"x" : 906.648,
		"y" : 1231.4,
		"score" :0.791979
},
	"LeftAnkle" : {
		"x" : 953.759,
		"y" : 1487.88,
		"score" :0.728409
},
	"RightEye" : {
		"x" : 723.311,
		"y" : 492.86,
		"score" :0.865656
},
	"LeftEye" : {
		"x" : 770.67,
		"y" : 482.564,
		"score" :0.954675
},
	"RightEar" : {
		"x" : 686.505,
		"y" : 482.526,
		"score" :0.265653
},
	"LeftEar" : {
		"x" : 828.042,
		"y" : 450.997,
		"score" :0.783735
},
	"LeftBigToe" : {
		"x" : 869.988,
		"y" : 1556.07,
		"score" :0.506365
},
	"LeftSmallToe" : {
		"x" : 932.894,
		"y" : 1540.51,
		"score" :0.535533
},
	"RightBigToe" : {
		"x" : 980.151,
		"y" : 1503.87,
		"score" :0.597268
},
	"RightSmallToe" : {
		"x" : 744.395,
		"y" : 1577.25,
		"score" :0.758543
},
	"RightHeel" : {
		"x" : 723.375,
		"y" : 1566.84,
		"score" :0.81591
},
	"Background" : {
		"x" : 806.992,
		"y" : 1550.99,
		"score" :0.637647
}
}
}