{
"predictions" : {
	"Nose" : {
		"x" : 644.769,
		"y" : 225.661,
		"score" :0.981071
},
	"Neck" : {
		"x" : 692.19,
		"y" : 356.725,
		"score" :0.912113
},
	"RightShoulder" : {
		"x" : 581.907,
		"y" : 367.159,
		"score" :0.813931
},
	"RightElbow" : {
		"x" : 550.426,
		"y" : 592.39,
		"score" :0.827833
},
	"RightWrist" : {
		"x" : 650.24,
		"y" : 529.457,
		"score" :0.85705
},
	"LeftShoulder" : {
		"x" : 817.404,
		"y" : 351.409,
		"score" :0.85812
},
	"LeftElbow" : {
		"x" : 896.361,
		"y" : 550.559,
		"score" :0.894803
},
	"LeftWrist" : {
		"x" : 786.1,
		"y" : 576.607,
		"score" :0.783816
},
	"MiddleHip" : {
		"x" : 697.262,
		"y" : 733.704,
		"score" :0.701569
},
	"RightHip" : {
		"x" : 628.991,
		"y" : 733.838,
		"score" :0.669645
},
	"RightKnee" : {
		"x" : 650.272,
		"y" : 1042.91,
		"score" :0.804331
},
	"RightAnkle" : {
		"x" : 692.189,
		"y" : 1356.92,
		"score" :0.826639
},
	"LeftHip" : {
		"x" : 775.728,
		"y" : 728.585,
		"score" :0.744865
},
	"LeftKnee" : {
		"x" : 812.58,
		"y" : 1032.37,
		"score" :0.86469
},
	"LeftAnkle" : {
		"x" : 885.555,
		"y" : 1372.77,
		"score" :0.780515
},
	"RightEye" : {
		"x" : 629.025,
		"y" : 194.266,
		"score" :0.887657
},
	"LeftEye" : {
		"x" : 681.327,
		"y" : 194.306,
		"score" :0.906061
},
	"RightEar" : {
		"x" : 0,
		"y" : 0,
		"score" :0
},
	"LeftEar" : {
		"x" : 734.068,
		"y" : 220.472,
		"score" :0.889173
},
	"LeftBigToe" : {
		"x" : 1006.08,
		"y" : 1430.42,
		"score" :0.705325
},
	"LeftSmallToe" : {
		"x" : 995.801,
		"y" : 1404.24,
		"score" :0.695054
},
	"RightBigToe" : {
		"x" : 854.264,
		"y" : 1409.51,
		"score" :0.798839
},
	"RightSmallToe" : {
		"x" : 655.258,
		"y" : 1404.01,
		"score" :0.827031
},
	"RightHeel" : {
		"x" : 639.424,
		"y" : 1393.82,
		"score" :0.835001
},
	"Background" : {
		"x" : 728.543,
		"y" : 1378.1,
		"score" :0.790412
}
}
}