{
"predictions" : {
	"Nose" : {
		"x" : 356.497,
		"y" : 382.774,
		"score" :0.911768
},
	"Neck" : {
		"x" : 487.671,
		"y" : 560.958,
		"score" :0.882437
},
	"RightShoulder" : {
		"x" : 403.737,
		"y" : 566.18,
		"score" :0.878172
},
	"RightElbow" : {
		"x" : 445.654,
		"y" : 786.138,
		"score" :0.856423
},
	"RightWrist" : {
		"x" : 445.763,
		"y" : 948.731,
		"score" :0.789625
},
	"LeftShoulder" : {
		"x" : 571.463,
		"y" : 555.64,
		"score" :0.798308
},
	"LeftElbow" : {
		"x" : 686.629,
		"y" : 791.466,
		"score" :0.872541
},
	"LeftWrist" : {
		"x" : 498.091,
		"y" : 938.249,
		"score" :0.816947
},
	"MiddleHip" : {
		"x" : 613.329,
		"y" : 948.538,
		"score" :0.714768
},
	"RightHip" : {
		"x" : 566.162,
		"y" : 959.068,
		"score" :0.69856
},
	"RightKnee" : {
		"x" : 634.341,
		"y" : 1325.69,
		"score" :0.750368
},
	"RightAnkle" : {
		"x" : 828.127,
		"y" : 1645.2,
		"score" :0.769916
},
	"LeftHip" : {
		"x" : 665.782,
		"y" : 938.212,
		"score" :0.653834
},
	"LeftKnee" : {
		"x" : 587.051,
		"y" : 1299.4,
		"score" :0.689507
},
	"LeftAnkle" : {
		"x" : 602.902,
		"y" : 1692.39,
		"score" :0.777236
},
	"RightEye" : {
		"x" : 351.625,
		"y" : 356.493,
		"score" :0.780827
},
	"LeftEye" : {
		"x" : 393.431,
		"y" : 356.51,
		"score" :0.970818
},
	"RightEar" : {
		"x" : 0,
		"y" : 0,
		"score" :0
},
	"LeftEar" : {
		"x" : 477.168,
		"y" : 393.436,
		"score" :0.961057
},
	"LeftBigToe" : {
		"x" : 445.683,
		"y" : 1739.43,
		"score" :0.76435
},
	"LeftSmallToe" : {
		"x" : 487.573,
		"y" : 1750.01,
		"score" :0.69402
},
	"RightBigToe" : {
		"x" : 639.487,
		"y" : 1734.02,
		"score" :0.801065
},
	"RightSmallToe" : {
		"x" : 697.236,
		"y" : 1733.98,
		"score" :0.639951
},
	"RightHeel" : {
		"x" : 723.251,
		"y" : 1707.99,
		"score" :0.49893
},
	"Background" : {
		"x" : 870.024,
		"y" : 1655.93,
		"score" :0.724389
}
}
}