{
"predictions" : {
	"Nose" : {
		"x" : 566.105,
		"y" : 629.131,
		"score" :0.853021
},
	"Neck" : {
		"x" : 581.84,
		"y" : 717.982,
		"score" :0.823426
},
	"RightShoulder" : {
		"x" : 456.238,
		"y" : 697.263,
		"score" :0.808651
},
	"RightElbow" : {
		"x" : 382.873,
		"y" : 864.744,
		"score" :0.823771
},
	"RightWrist" : {
		"x" : 393.165,
		"y" : 985.423,
		"score" :0.904145
},
	"LeftShoulder" : {
		"x" : 712.903,
		"y" : 728.302,
		"score" :0.792657
},
	"LeftElbow" : {
		"x" : 775.852,
		"y" : 885.578,
		"score" :0.862465
},
	"LeftWrist" : {
		"x" : 697.119,
		"y" : 702.38,
		"score" :0.792844
},
	"MiddleHip" : {
		"x" : 550.51,
		"y" : 1116.09,
		"score" :0.68504
},
	"RightHip" : {
		"x" : 477.136,
		"y" : 1110.84,
		"score" :0.746537
},
	"RightKnee" : {
		"x" : 482.174,
		"y" : 1446.09,
		"score" :0.791505
},
	"RightAnkle" : {
		"x" : 482.154,
		"y" : 1765.55,
		"score" :0.825553
},
	"LeftHip" : {
		"x" : 618.57,
		"y" : 1121.4,
		"score" :0.655182
},
	"LeftKnee" : {
		"x" : 613.382,
		"y" : 1456.58,
		"score" :0.750468
},
	"LeftAnkle" : {
		"x" : 634.267,
		"y" : 1749.87,
		"score" :0.78585
},
	"RightEye" : {
		"x" : 540.093,
		"y" : 603.023,
		"score" :0.861379
},
	"LeftEye" : {
		"x" : 597.542,
		"y" : 602.984,
		"score" :0.862159
},
	"RightEar" : {
		"x" : 518.883,
		"y" : 602.915,
		"score" :0.351244
},
	"LeftEar" : {
		"x" : 644.584,
		"y" : 597.491,
		"score" :0.637607
},
	"LeftBigToe" : {
		"x" : 644.712,
		"y" : 1818.16,
		"score" :0.827296
},
	"LeftSmallToe" : {
		"x" : 681.27,
		"y" : 1807.56,
		"score" :0.785078
},
	"RightBigToe" : {
		"x" : 613.41,
		"y" : 1775.87,
		"score" :0.752665
},
	"RightSmallToe" : {
		"x" : 440.537,
		"y" : 1823.09,
		"score" :0.861263
},
	"RightHeel" : {
		"x" : 424.682,
		"y" : 1812.62,
		"score" :0.813671
},
	"Background" : {
		"x" : 498.079,
		"y" : 1781.32,
		"score" :0.769147
}
}
}