{
"predictions" : {
	"Nose" : {
		"x" : 597.599,
		"y" : 561.076,
		"score" :0.922974
},
	"Neck" : {
		"x" : 603.062,
		"y" : 639.586,
		"score" :0.899598
},
	"RightShoulder" : {
		"x" : 440.548,
		"y" : 676.134,
		"score" :0.772488
},
	"RightElbow" : {
		"x" : 246.648,
		"y" : 896.07,
		"score" :0.849541
},
	"RightWrist" : {
		"x" : 100.237,
		"y" : 1100.35,
		"score" :0.878467
},
	"LeftShoulder" : {
		"x" : 765.232,
		"y" : 597.709,
		"score" :0.800927
},
	"LeftElbow" : {
		"x" : 864.949,
		"y" : 733.591,
		"score" :0.905225
},
	"LeftWrist" : {
		"x" : 875.271,
		"y" : 890.723,
		"score" :0.841278
},
	"MiddleHip" : {
		"x" : 608.096,
		"y" : 1027.22,
		"score" :0.730096
},
	"RightHip" : {
		"x" : 498.136,
		"y" : 1037.55,
		"score" :0.647963
},
	"RightKnee" : {
		"x" : 477.348,
		"y" : 1435.7,
		"score" :0.851654
},
	"RightAnkle" : {
		"x" : 314.982,
		"y" : 1797.14,
		"score" :0.757943
},
	"LeftHip" : {
		"x" : 723.356,
		"y" : 1026.99,
		"score" :0.697823
},
	"LeftKnee" : {
		"x" : 843.808,
		"y" : 1446.27,
		"score" :0.823794
},
	"LeftAnkle" : {
		"x" : 854.021,
		"y" : 1697.48,
		"score" :0.859145
},
	"RightEye" : {
		"x" : 566.131,
		"y" : 519.269,
		"score" :0.971372
},
	"LeftEye" : {
		"x" : 634.347,
		"y" : 524.174,
		"score" :0.896568
},
	"RightEar" : {
		"x" : 524.592,
		"y" : 513.841,
		"score" :0.567775
},
	"LeftEar" : {
		"x" : 692.14,
		"y" : 519.271,
		"score" :0.917649
},
	"LeftBigToe" : {
		"x" : 938.11,
		"y" : 1839.07,
		"score" :0.721704
},
	"LeftSmallToe" : {
		"x" : 959.116,
		"y" : 1818.07,
		"score" :0.725923
},
	"RightBigToe" : {
		"x" : 812.243,
		"y" : 1713.28,
		"score" :0.741892
},
	"RightSmallToe" : {
		"x" : 351.319,
		"y" : 1865.42,
		"score" :0.61737
},
	"RightHeel" : {
		"x" : 293.826,
		"y" : 1865.16,
		"score" :0.665434
},
	"Background" : {
		"x" : 298.989,
		"y" : 1823.19,
		"score" :0.565193
}
}
}