{
"predictions" : {
	"Nose" : {
		"x" : 780.896,
		"y" : 471.911,
		"score" :0.884127
},
	"Neck" : {
		"x" : 670.997,
		"y" : 603.02,
		"score" :0.812074
},
	"RightShoulder" : {
		"x" : 602.933,
		"y" : 581.833,
		"score" :0.792222
},
	"RightElbow" : {
		"x" : 775.66,
		"y" : 691.967,
		"score" :0.871415
},
	"RightWrist" : {
		"x" : 759.869,
		"y" : 555.728,
		"score" :0.62519
},
	"LeftShoulder" : {
		"x" : 739.165,
		"y" : 634.276,
		"score" :0.703095
},
	"LeftElbow" : {
		"x" : 781,
		"y" : 817.49,
		"score" :0.670747
},
	"LeftWrist" : {
		"x" : 828.148,
		"y" : 990.529,
		"score" :0.722228
},
	"MiddleHip" : {
		"x" : 692.127,
		"y" : 1000.89,
		"score" :0.665444
},
	"RightHip" : {
		"x" : 644.746,
		"y" : 1001,
		"score" :0.638708
},
	"RightKnee" : {
		"x" : 618.631,
		"y" : 1325.67,
		"score" :0.779818
},
	"RightAnkle" : {
		"x" : 587.204,
		"y" : 1634.72,
		"score" :0.791915
},
	"LeftHip" : {
		"x" : 759.888,
		"y" : 995.774,
		"score" :0.62164
},
	"LeftKnee" : {
		"x" : 749.609,
		"y" : 1315.35,
		"score" :0.8064
},
	"LeftAnkle" : {
		"x" : 733.671,
		"y" : 1598.08,
		"score" :0.865885
},
	"RightEye" : {
		"x" : 765.114,
		"y" : 440.523,
		"score" :0.904861
},
	"LeftEye" : {
		"x" : 775.838,
		"y" : 440.535,
		"score" :0.120567
},
	"RightEar" : {
		"x" : 686.431,
		"y" : 461.517,
		"score" :0.871372
},
	"LeftEar" : {
		"x" : 0,
		"y" : 0,
		"score" :0
},
	"LeftBigToe" : {
		"x" : 849.038,
		"y" : 1645.27,
		"score" :0.781401
},
	"LeftSmallToe" : {
		"x" : 838.505,
		"y" : 1624.24,
		"score" :0.67404
},
	"RightBigToe" : {
		"x" : 707.612,
		"y" : 1614.02,
		"score" :0.835115
},
	"RightSmallToe" : {
		"x" : 655.445,
		"y" : 1687.06,
		"score" :0.745073
},
	"RightHeel" : {
		"x" : 629.097,
		"y" : 1692.39,
		"score" :0.731017
},
	"Background" : {
		"x" : 566.254,
		"y" : 1655.65,
		"score" :0.828729
}
}
}