{
"predictions" : {
	"Nose" : {
		"x" : 346.172,
		"y" : 356.439,
		"score" :0.89593
},
	"Neck" : {
		"x" : 524.208,
		"y" : 388.168,
		"score" :0.821653
},
	"RightShoulder" : {
		"x" : 278.292,
		"y" : 398.452,
		"score" :0.788683
},
	"RightElbow" : {
		"x" : 315.003,
		"y" : 686.777,
		"score" :0.846088
},
	"RightWrist" : {
		"x" : 272.964,
		"y" : 828.034,
		"score" :0.841213
},
	"LeftShoulder" : {
		"x" : 744.361,
		"y" : 367.271,
		"score" :0.642871
},
	"LeftElbow" : {
		"x" : 885.766,
		"y" : 686.619,
		"score" :0.867062
},
	"LeftWrist" : {
		"x" : 959.02,
		"y" : 1027.06,
		"score" :0.816142
},
	"MiddleHip" : {
		"x" : 581.952,
		"y" : 953.808,
		"score" :0.489247
},
	"RightHip" : {
		"x" : 445.784,
		"y" : 953.804,
		"score" :0.475175
},
	"RightKnee" : {
		"x" : 387.917,
		"y" : 1509.03,
		"score" :0.781281
},
	"RightAnkle" : {
		"x" : 602.601,
		"y" : 1781.59,
		"score" :0.755622
},
	"LeftHip" : {
		"x" : 723.27,
		"y" : 948.568,
		"score" :0.468212
},
	"LeftKnee" : {
		"x" : 702.461,
		"y" : 1482.99,
		"score" :0.754708
},
	"LeftAnkle" : {
		"x" : 770.559,
		"y" : 1912.49,
		"score" :0.335825
},
	"RightEye" : {
		"x" : 314.961,
		"y" : 309.468,
		"score" :0.887666
},
	"LeftEye" : {
		"x" : 382.902,
		"y" : 309.774,
		"score" :0.89291
},
	"RightEar" : {
		"x" : 0,
		"y" : 0,
		"score" :0
},
	"LeftEar" : {
		"x" : 518.865,
		"y" : 267.709,
		"score" :0.946777
},
	"LeftBigToe" : {
		"x" : 0,
		"y" : 0,
		"score" :0
},
	"LeftSmallToe" : {
		"x" : 0,
		"y" : 0,
		"score" :0
},
	"RightBigToe" : {
		"x" : 780.872,
		"y" : 1912.54,
		"score" :0.153898
},
	"RightSmallToe" : {
		"x" : 534.811,
		"y" : 1912.35,
		"score" :0.398707
},
	"RightHeel" : {
		"x" : 0,
		"y" : 0,
		"score" :0
},
	"Background" : {
		"x" : 644.96,
		"y" : 1786.56,
		"score" :0.606301
}
}
}