{
"predictions" : {
	"Nose" : {
		"x" : 733.946,
		"y" : 372.377,
		"score" :0.892053
},
	"Neck" : {
		"x" : 801.861,
		"y" : 508.582,
		"score" :0.803454
},
	"RightShoulder" : {
		"x" : 686.596,
		"y" : 518.823,
		"score" :0.735937
},
	"RightElbow" : {
		"x" : 566.258,
		"y" : 770.326,
		"score" :0.902139
},
	"RightWrist" : {
		"x" : 613.539,
		"y" : 560.907,
		"score" :0.839241
},
	"LeftShoulder" : {
		"x" : 927.524,
		"y" : 487.799,
		"score" :0.7579
},
	"LeftElbow" : {
		"x" : 780.956,
		"y" : 655.259,
		"score" :0.868804
},
	"LeftWrist" : {
		"x" : 723.405,
		"y" : 482.43,
		"score" :0.874044
},
	"MiddleHip" : {
		"x" : 733.872,
		"y" : 1000.87,
		"score" :0.687823
},
	"RightHip" : {
		"x" : 644.516,
		"y" : 990.438,
		"score" :0.658607
},
	"RightKnee" : {
		"x" : 534.833,
		"y" : 1315.43,
		"score" :0.860998
},
	"RightAnkle" : {
		"x" : 398.592,
		"y" : 1676.57,
		"score" :0.749096
},
	"LeftHip" : {
		"x" : 838.629,
		"y" : 1011.42,
		"score" :0.627719
},
	"LeftKnee" : {
		"x" : 901.484,
		"y" : 1367.59,
		"score" :0.858582
},
	"LeftAnkle" : {
		"x" : 932.891,
		"y" : 1645.26,
		"score" :0.811945
},
	"RightEye" : {
		"x" : 702.329,
		"y" : 335.705,
		"score" :0.840028
},
	"LeftEye" : {
		"x" : 775.811,
		"y" : 325.298,
		"score" :0.897676
},
	"RightEar" : {
		"x" : 0,
		"y" : 0,
		"score" :0
},
	"LeftEar" : {
		"x" : 901.341,
		"y" : 314.54,
		"score" :0.96307
},
	"LeftBigToe" : {
		"x" : 1011.33,
		"y" : 1791.84,
		"score" :0.653331
},
	"LeftSmallToe" : {
		"x" : 1027.35,
		"y" : 1776.13,
		"score" :0.651074
},
	"RightBigToe" : {
		"x" : 885.739,
		"y" : 1660.83,
		"score" :0.669412
},
	"RightSmallToe" : {
		"x" : 451.004,
		"y" : 1828.65,
		"score" :0.671252
},
	"RightHeel" : {
		"x" : 398.643,
		"y" : 1823.2,
		"score" :0.618527
},
	"Background" : {
		"x" : 356.814,
		"y" : 1687.16,
		"score" :0.588431
}
}
}