{
"predictions" : {
	"Nose" : {
		"x" : 833.243,
		"y" : 251.977,
		"score" :0.842003
},
	"Neck" : {
		"x" : 749.602,
		"y" : 409.03,
		"score" :0.756148
},
	"RightShoulder" : {
		"x" : 665.705,
		"y" : 393.436,
		"score" :0.769795
},
	"RightElbow" : {
		"x" : 540.02,
		"y" : 608.284,
		"score" :0.799904
},
	"RightWrist" : {
		"x" : 560.854,
		"y" : 801.866,
		"score" :0.808454
},
	"LeftShoulder" : {
		"x" : 843.815,
		"y" : 435.29,
		"score" :0.780052
},
	"LeftElbow" : {
		"x" : 869.931,
		"y" : 660.531,
		"score" :0.718675
},
	"LeftWrist" : {
		"x" : 974.602,
		"y" : 854.291,
		"score" :0.763574
},
	"MiddleHip" : {
		"x" : 697.189,
		"y" : 901.421,
		"score" :0.666302
},
	"RightHip" : {
		"x" : 644.585,
		"y" : 901.284,
		"score" :0.624598
},
	"RightKnee" : {
		"x" : 733.914,
		"y" : 1273.18,
		"score" :0.734887
},
	"RightAnkle" : {
		"x" : 691.764,
		"y" : 1650.46,
		"score" :0.680675
},
	"LeftHip" : {
		"x" : 770.239,
		"y" : 906.71,
		"score" :0.655383
},
	"LeftKnee" : {
		"x" : 848.968,
		"y" : 1267.98,
		"score" :0.76291
},
	"LeftAnkle" : {
		"x" : 817.539,
		"y" : 1597.97,
		"score" :0.614273
},
	"RightEye" : {
		"x" : 796.691,
		"y" : 225.605,
		"score" :0.912868
},
	"LeftEye" : {
		"x" : 859.37,
		"y" : 225.682,
		"score" :0.975338
},
	"RightEar" : {
		"x" : 728.81,
		"y" : 231.156,
		"score" :0.844886
},
	"LeftEar" : {
		"x" : 895.893,
		"y" : 236.125,
		"score" :0.18488
},
	"LeftBigToe" : {
		"x" : 859.418,
		"y" : 1634.67,
		"score" :0.258391
},
	"LeftSmallToe" : {
		"x" : 870.043,
		"y" : 1619.02,
		"score" :0.316369
},
	"RightBigToe" : {
		"x" : 812.173,
		"y" : 1614,
		"score" :0.300076
},
	"RightSmallToe" : {
		"x" : 817.778,
		"y" : 1655.49,
		"score" :0.633085
},
	"RightHeel" : {
		"x" : 780.947,
		"y" : 1681.86,
		"score" :0.606632
},
	"Background" : {
		"x" : 649.955,
		"y" : 1697.7,
		"score" :0.627577
}
}
}