{
"predictions" : {
	"Nose" : {
		"x" : 461.434,
		"y" : 644.572,
		"score" :0.919176
},
	"Neck" : {
		"x" : 471.756,
		"y" : 765.275,
		"score" :0.857569
},
	"RightShoulder" : {
		"x" : 367.122,
		"y" : 759.931,
		"score" :0.807169
},
	"RightElbow" : {
		"x" : 304.367,
		"y" : 592.293,
		"score" :0.862098
},
	"RightWrist" : {
		"x" : 320.221,
		"y" : 403.882,
		"score" :0.741936
},
	"LeftShoulder" : {
		"x" : 555.79,
		"y" : 770.509,
		"score" :0.843197
},
	"LeftElbow" : {
		"x" : 681.528,
		"y" : 644.865,
		"score" :0.937187
},
	"LeftWrist" : {
		"x" : 686.696,
		"y" : 492.772,
		"score" :0.893928
},
	"MiddleHip" : {
		"x" : 393.35,
		"y" : 1126.73,
		"score" :0.760889
},
	"RightHip" : {
		"x" : 325.292,
		"y" : 1116.11,
		"score" :0.728719
},
	"RightKnee" : {
		"x" : 314.566,
		"y" : 1393.67,
		"score" :0.765192
},
	"RightAnkle" : {
		"x" : 340.932,
		"y" : 1624.34,
		"score" :0.716915
},
	"LeftHip" : {
		"x" : 450.937,
		"y" : 1142.4,
		"score" :0.724424
},
	"LeftKnee" : {
		"x" : 393.556,
		"y" : 1409.51,
		"score" :0.827582
},
	"LeftAnkle" : {
		"x" : 356.564,
		"y" : 1655.61,
		"score" :0.757462
},
	"RightEye" : {
		"x" : 440.398,
		"y" : 623.868,
		"score" :0.918063
},
	"LeftEye" : {
		"x" : 498.04,
		"y" : 634.196,
		"score" :0.843188
},
	"RightEar" : {
		"x" : 414.419,
		"y" : 681.3,
		"score" :0.259851
},
	"LeftEar" : {
		"x" : 540.033,
		"y" : 686.896,
		"score" :0.909674
},
	"LeftBigToe" : {
		"x" : 272.757,
		"y" : 1734.36,
		"score" :0.756555
},
	"LeftSmallToe" : {
		"x" : 309.669,
		"y" : 1739.63,
		"score" :0.751325
},
	"RightBigToe" : {
		"x" : 387.976,
		"y" : 1686.95,
		"score" :0.590071
},
	"RightSmallToe" : {
		"x" : 262.487,
		"y" : 1660.86,
		"score" :0.353292
},
	"RightHeel" : {
		"x" : 267.516,
		"y" : 1650.45,
		"score" :0.412036
},
	"Background" : {
		"x" : 377.615,
		"y" : 1655.62,
		"score" :0.253021
}
}
}