{
"predictions" : {
	"Nose" : {
		"x" : 382.827,
		"y" : 183.871,
		"score" :0.893533
},
	"Neck" : {
		"x" : 387.893,
		"y" : 398.641,
		"score" :0.862756
},
	"RightShoulder" : {
		"x" : 194.294,
		"y" : 398.776,
		"score" :0.823861
},
	"RightElbow" : {
		"x" : 147.37,
		"y" : 691.807,
		"score" :0.803532
},
	"RightWrist" : {
		"x" : 110.522,
		"y" : 969.434,
		"score" :0.786351
},
	"LeftShoulder" : {
		"x" : 566.031,
		"y" : 398.427,
		"score" :0.841194
},
	"LeftElbow" : {
		"x" : 602.986,
		"y" : 665.63,
		"score" :0.768379
},
	"LeftWrist" : {
		"x" : 644.449,
		"y" : 938.227,
		"score" :0.849283
},
	"MiddleHip" : {
		"x" : 382.811,
		"y" : 922.329,
		"score" :0.556446
},
	"RightHip" : {
		"x" : 272.678,
		"y" : 927.546,
		"score" :0.571484
},
	"RightKnee" : {
		"x" : 278.306,
		"y" : 1330.91,
		"score" :0.745316
},
	"RightAnkle" : {
		"x" : 309.688,
		"y" : 1708.06,
		"score" :0.799838
},
	"LeftHip" : {
		"x" : 482.616,
		"y" : 917.126,
		"score" :0.583028
},
	"LeftKnee" : {
		"x" : 524.339,
		"y" : 1357.09,
		"score" :0.849907
},
	"LeftAnkle" : {
		"x" : 587.098,
		"y" : 1687.15,
		"score" :0.756841
},
	"RightEye" : {
		"x" : 346.216,
		"y" : 147.144,
		"score" :0.929057
},
	"LeftEye" : {
		"x" : 403.94,
		"y" : 142.111,
		"score" :0.914005
},
	"RightEar" : {
		"x" : 299.01,
		"y" : 178.551,
		"score" :0.905598
},
	"LeftEar" : {
		"x" : 451.095,
		"y" : 162.811,
		"score" :0.834299
},
	"LeftBigToe" : {
		"x" : 665.774,
		"y" : 1818.11,
		"score" :0.657931
},
	"LeftSmallToe" : {
		"x" : 691.741,
		"y" : 1791.92,
		"score" :0.674809
},
	"RightBigToe" : {
		"x" : 560.843,
		"y" : 1713.23,
		"score" :0.677443
},
	"RightSmallToe" : {
		"x" : 267.805,
		"y" : 1859.78,
		"score" :0.732575
},
	"RightHeel" : {
		"x" : 236.278,
		"y" : 1833.84,
		"score" :0.625087
},
	"Background" : {
		"x" : 346.041,
		"y" : 1734.16,
		"score" :0.727321
}
}
}