{
"predictions" : {
	"Nose" : {
		"x" : 377.665,
		"y" : 435.082,
		"score" :0.887528
},
	"Neck" : {
		"x" : 382.728,
		"y" : 592.465,
		"score" :0.831805
},
	"RightShoulder" : {
		"x" : 230.929,
		"y" : 597.51,
		"score" :0.850191
},
	"RightElbow" : {
		"x" : 141.962,
		"y" : 812.54,
		"score" :0.891726
},
	"RightWrist" : {
		"x" : 189.036,
		"y" : 770.198,
		"score" :0.911023
},
	"LeftShoulder" : {
		"x" : 519.099,
		"y" : 576.782,
		"score" :0.848671
},
	"LeftElbow" : {
		"x" : 607.931,
		"y" : 780.87,
		"score" :0.851774
},
	"LeftWrist" : {
		"x" : 565.954,
		"y" : 760.074,
		"score" :0.882351
},
	"MiddleHip" : {
		"x" : 393.396,
		"y" : 1063.62,
		"score" :0.695772
},
	"RightHip" : {
		"x" : 304.178,
		"y" : 1063.81,
		"score" :0.643737
},
	"RightKnee" : {
		"x" : 314.986,
		"y" : 1398.88,
		"score" :0.800942
},
	"RightAnkle" : {
		"x" : 351.146,
		"y" : 1765.67,
		"score" :0.777124
},
	"LeftHip" : {
		"x" : 482.617,
		"y" : 1053.28,
		"score" :0.664559
},
	"LeftKnee" : {
		"x" : 545.171,
		"y" : 1372.9,
		"score" :0.752058
},
	"LeftAnkle" : {
		"x" : 482.446,
		"y" : 1608.47,
		"score" :0.873342
},
	"RightEye" : {
		"x" : 351.331,
		"y" : 398.618,
		"score" :0.929177
},
	"LeftEye" : {
		"x" : 398.804,
		"y" : 398.615,
		"score" :0.94719
},
	"RightEar" : {
		"x" : 309.295,
		"y" : 404.04,
		"score" :0.899426
},
	"LeftEar" : {
		"x" : 440.294,
		"y" : 419.61,
		"score" :0.899664
},
	"LeftBigToe" : {
		"x" : 571.341,
		"y" : 1728.91,
		"score" :0.781934
},
	"LeftSmallToe" : {
		"x" : 587.092,
		"y" : 1697.75,
		"score" :0.755794
},
	"RightBigToe" : {
		"x" : 445.833,
		"y" : 1614.03,
		"score" :0.753561
},
	"RightSmallToe" : {
		"x" : 314.747,
		"y" : 1865.14,
		"score" :0.687768
},
	"RightHeel" : {
		"x" : 283.352,
		"y" : 1859.71,
		"score" :0.686481
},
	"Background" : {
		"x" : 367.213,
		"y" : 1781.39,
		"score" :0.638414
}
}
}