{
"predictions" : {
	"Nose" : {
		"x" : 236.311,
		"y" : 539.98,
		"score" :0.860287
},
	"Neck" : {
		"x" : 230.871,
		"y" : 686.792,
		"score" :0.904092
},
	"RightShoulder" : {
		"x" : 142.067,
		"y" : 681.321,
		"score" :0.816498
},
	"RightElbow" : {
		"x" : 136.75,
		"y" : 503.329,
		"score" :0.704901
},
	"RightWrist" : {
		"x" : 189.175,
		"y" : 314.806,
		"score" :0.899316
},
	"LeftShoulder" : {
		"x" : 314.553,
		"y" : 692.018,
		"score" :0.830668
},
	"LeftElbow" : {
		"x" : 356.819,
		"y" : 471.857,
		"score" :0.903512
},
	"LeftWrist" : {
		"x" : 341.039,
		"y" : 288.542,
		"score" :0.819118
},
	"MiddleHip" : {
		"x" : 231.193,
		"y" : 1063.91,
		"score" :0.740682
},
	"RightHip" : {
		"x" : 173.32,
		"y" : 1069.02,
		"score" :0.691646
},
	"RightKnee" : {
		"x" : 183.533,
		"y" : 1393.58,
		"score" :0.833439
},
	"RightAnkle" : {
		"x" : 183.797,
		"y" : 1666.24,
		"score" :0.834506
},
	"LeftHip" : {
		"x" : 309.393,
		"y" : 1063.76,
		"score" :0.719414
},
	"LeftKnee" : {
		"x" : 319.926,
		"y" : 1346.53,
		"score" :0.838834
},
	"LeftAnkle" : {
		"x" : 356.885,
		"y" : 1660.9,
		"score" :0.816996
},
	"RightEye" : {
		"x" : 210.027,
		"y" : 524.247,
		"score" :0.885257
},
	"LeftEye" : {
		"x" : 272.667,
		"y" : 524.247,
		"score" :0.938498
},
	"RightEar" : {
		"x" : 178.482,
		"y" : 566.367,
		"score" :0.807213
},
	"LeftEar" : {
		"x" : 309.242,
		"y" : 571.597,
		"score" :0.702268
},
	"LeftBigToe" : {
		"x" : 356.519,
		"y" : 1755.1,
		"score" :0.860837
},
	"LeftSmallToe" : {
		"x" : 393.376,
		"y" : 1739.53,
		"score" :0.80133
},
	"RightBigToe" : {
		"x" : 356.651,
		"y" : 1681.89,
		"score" :0.748535
},
	"RightSmallToe" : {
		"x" : 147.181,
		"y" : 1802.26,
		"score" :0.755935
},
	"RightHeel" : {
		"x" : 120.938,
		"y" : 1781.35,
		"score" :0.693824
},
	"Background" : {
		"x" : 194.47,
		"y" : 1681.89,
		"score" :0.746175
}
}
}