{
"predictions" : {
	"Nose" : {
		"x" : 482.629,
		"y" : 377.587,
		"score" :0.86421
},
	"Neck" : {
		"x" : 513.66,
		"y" : 508.536,
		"score" :0.852563
},
	"RightShoulder" : {
		"x" : 377.675,
		"y" : 513.662,
		"score" :0.800692
},
	"RightElbow" : {
		"x" : 346.041,
		"y" : 760.079,
		"score" :0.86516
},
	"RightWrist" : {
		"x" : 361.865,
		"y" : 644.604,
		"score" :0.837054
},
	"LeftShoulder" : {
		"x" : 639.436,
		"y" : 492.933,
		"score" :0.828713
},
	"LeftElbow" : {
		"x" : 692.011,
		"y" : 734.077,
		"score" :0.90027
},
	"LeftWrist" : {
		"x" : 571.617,
		"y" : 644.986,
		"score" :0.839319
},
	"MiddleHip" : {
		"x" : 482.37,
		"y" : 943.258,
		"score" :0.67685
},
	"RightHip" : {
		"x" : 398.417,
		"y" : 938.09,
		"score" :0.673524
},
	"RightKnee" : {
		"x" : 314.615,
		"y" : 1315.33,
		"score" :0.838208
},
	"RightAnkle" : {
		"x" : 262.206,
		"y" : 1645.25,
		"score" :0.817959
},
	"LeftHip" : {
		"x" : 566.219,
		"y" : 943.312,
		"score" :0.663607
},
	"LeftKnee" : {
		"x" : 545.235,
		"y" : 1325.78,
		"score" :0.712611
},
	"LeftAnkle" : {
		"x" : 519.276,
		"y" : 1655.83,
		"score" :0.829883
},
	"RightEye" : {
		"x" : 456.222,
		"y" : 351.335,
		"score" :0.886769
},
	"LeftEye" : {
		"x" : 518.922,
		"y" : 346.264,
		"score" :0.94054
},
	"RightEar" : {
		"x" : 424.671,
		"y" : 356.582,
		"score" :0.801333
},
	"LeftEar" : {
		"x" : 560.857,
		"y" : 351.155,
		"score" :0.940104
},
	"LeftBigToe" : {
		"x" : 529.494,
		"y" : 1723.7,
		"score" :0.775606
},
	"LeftSmallToe" : {
		"x" : 566.1,
		"y" : 1708.06,
		"score" :0.827694
},
	"RightBigToe" : {
		"x" : 503.311,
		"y" : 1692.18,
		"score" :0.674551
},
	"RightSmallToe" : {
		"x" : 152.528,
		"y" : 1707.96,
		"score" :0.736837
},
	"RightHeel" : {
		"x" : 152.438,
		"y" : 1692.36,
		"score" :0.770338
},
	"Background" : {
		"x" : 272.926,
		"y" : 1676.52,
		"score" :0.862224
}
}
}