{
"predictions" : {
	"Nose" : {
		"x" : 681.515,
		"y" : 356.986,
		"score" :0.936909
},
	"Neck" : {
		"x" : 650.068,
		"y" : 492.852,
		"score" :0.886261
},
	"RightShoulder" : {
		"x" : 498.063,
		"y" : 513.597,
		"score" :0.753598
},
	"RightElbow" : {
		"x" : 430.038,
		"y" : 728.502,
		"score" :0.887374
},
	"RightWrist" : {
		"x" : 309.454,
		"y" : 854.011,
		"score" :0.887915
},
	"LeftShoulder" : {
		"x" : 812.41,
		"y" : 482.425,
		"score" :0.861448
},
	"LeftElbow" : {
		"x" : 906.565,
		"y" : 692.18,
		"score" :0.854454
},
	"LeftWrist" : {
		"x" : 906.759,
		"y" : 891.013,
		"score" :0.7572
},
	"MiddleHip" : {
		"x" : 655.378,
		"y" : 953.77,
		"score" :0.631399
},
	"RightHip" : {
		"x" : 561.069,
		"y" : 948.625,
		"score" :0.6576
},
	"RightKnee" : {
		"x" : 539.981,
		"y" : 1330.95,
		"score" :0.665938
},
	"RightAnkle" : {
		"x" : 555.565,
		"y" : 1718.57,
		"score" :0.756817
},
	"LeftHip" : {
		"x" : 765.141,
		"y" : 953.777,
		"score" :0.603699
},
	"LeftKnee" : {
		"x" : 775.707,
		"y" : 1330.88,
		"score" :0.805084
},
	"LeftAnkle" : {
		"x" : 885.771,
		"y" : 1587.51,
		"score" :0.760095
},
	"RightEye" : {
		"x" : 644.703,
		"y" : 346.142,
		"score" :0.911798
},
	"LeftEye" : {
		"x" : 697.101,
		"y" : 335.741,
		"score" :0.894259
},
	"RightEar" : {
		"x" : 587.012,
		"y" : 340.866,
		"score" :0.713212
},
	"LeftEar" : {
		"x" : 728.523,
		"y" : 335.726,
		"score" :0.121571
},
	"LeftBigToe" : {
		"x" : 807.188,
		"y" : 1728.92,
		"score" :0.758207
},
	"LeftSmallToe" : {
		"x" : 854.117,
		"y" : 1718.56,
		"score" :0.692247
},
	"RightBigToe" : {
		"x" : 911.857,
		"y" : 1598.02,
		"score" :0.663002
},
	"RightSmallToe" : {
		"x" : 518.999,
		"y" : 1776.13,
		"score" :0.668981
},
	"RightHeel" : {
		"x" : 487.557,
		"y" : 1770.8,
		"score" :0.715674
},
	"Background" : {
		"x" : 571.358,
		"y" : 1755.14,
		"score" :0.727421
}
}
}