{
"predictions" : {
	"Nose" : {
		"x" : 508.535,
		"y" : 199.463,
		"score" :0.84282
},
	"Neck" : {
		"x" : 639.603,
		"y" : 414.279,
		"score" :0.806588
},
	"RightShoulder" : {
		"x" : 482.308,
		"y" : 398.515,
		"score" :0.866005
},
	"RightElbow" : {
		"x" : 403.923,
		"y" : 702.428,
		"score" :0.720541
},
	"RightWrist" : {
		"x" : 340.823,
		"y" : 943.459,
		"score" :0.815209
},
	"LeftShoulder" : {
		"x" : 791.456,
		"y" : 435.394,
		"score" :0.744094
},
	"LeftElbow" : {
		"x" : 812.081,
		"y" : 760.015,
		"score" :0.69507
},
	"LeftWrist" : {
		"x" : 734.069,
		"y" : 1037.62,
		"score" :0.827341
},
	"MiddleHip" : {
		"x" : 524.25,
		"y" : 980.048,
		"score" :0.601578
},
	"RightHip" : {
		"x" : 435.008,
		"y" : 959.045,
		"score" :0.558785
},
	"RightKnee" : {
		"x" : 409.04,
		"y" : 1362.19,
		"score" :0.715136
},
	"RightAnkle" : {
		"x" : 403.938,
		"y" : 1697.63,
		"score" :0.793352
},
	"LeftHip" : {
		"x" : 613.501,
		"y" : 1006.11,
		"score" :0.543208
},
	"LeftKnee" : {
		"x" : 587.118,
		"y" : 1398.97,
		"score" :0.709539
},
	"LeftAnkle" : {
		"x" : 561.164,
		"y" : 1781.28,
		"score" :0.798938
},
	"RightEye" : {
		"x" : 518.803,
		"y" : 162.944,
		"score" :0.0700781
},
	"LeftEye" : {
		"x" : 524.44,
		"y" : 162.954,
		"score" :0.868291
},
	"RightEar" : {
		"x" : 0,
		"y" : 0,
		"score" :0
},
	"LeftEar" : {
		"x" : 644.77,
		"y" : 168.016,
		"score" :0.892365
},
	"LeftBigToe" : {
		"x" : 482.534,
		"y" : 1865.25,
		"score" :0.658046
},
	"LeftSmallToe" : {
		"x" : 529.562,
		"y" : 1865.38,
		"score" :0.615749
},
	"RightBigToe" : {
		"x" : 587.115,
		"y" : 1807.6,
		"score" :0.639408
},
	"RightSmallToe" : {
		"x" : 267.502,
		"y" : 1776.15,
		"score" :0.6892
},
	"RightHeel" : {
		"x" : 267.444,
		"y" : 1749.92,
		"score" :0.618266
},
	"Background" : {
		"x" : 440.706,
		"y" : 1734.34,
		"score" :0.66502
}
}
}