{
"predictions" : {
	"Nose" : {
		"x" : 613.307,
		"y" : 555.753,
		"score" :0.925129
},
	"Neck" : {
		"x" : 602.611,
		"y" : 728.302,
		"score" :0.896056
},
	"RightShoulder" : {
		"x" : 487.75,
		"y" : 639.591,
		"score" :0.806192
},
	"RightElbow" : {
		"x" : 393.444,
		"y" : 524.496,
		"score" :0.877431
},
	"RightWrist" : {
		"x" : 314.553,
		"y" : 382.809,
		"score" :0.876228
},
	"LeftShoulder" : {
		"x" : 702.434,
		"y" : 812.308,
		"score" :0.824782
},
	"LeftElbow" : {
		"x" : 618.594,
		"y" : 1069.12,
		"score" :0.869035
},
	"LeftWrist" : {
		"x" : 639.399,
		"y" : 979.922,
		"score" :0.839233
},
	"MiddleHip" : {
		"x" : 387.914,
		"y" : 1142.27,
		"score" :0.69624
},
	"RightHip" : {
		"x" : 293.87,
		"y" : 1110.79,
		"score" :0.651015
},
	"RightKnee" : {
		"x" : 225.6,
		"y" : 1482.87,
		"score" :0.879843
},
	"RightAnkle" : {
		"x" : 225.542,
		"y" : 1734.24,
		"score" :0.876438
},
	"LeftHip" : {
		"x" : 477.021,
		"y" : 1168.57,
		"score" :0.737812
},
	"LeftKnee" : {
		"x" : 445.748,
		"y" : 1493.48,
		"score" :0.83184
},
	"LeftAnkle" : {
		"x" : 435.439,
		"y" : 1865.46,
		"score" :0.779022
},
	"RightEye" : {
		"x" : 607.839,
		"y" : 524.572,
		"score" :0.95078
},
	"LeftEye" : {
		"x" : 650.19,
		"y" : 540.109,
		"score" :0.905503
},
	"RightEar" : {
		"x" : 0,
		"y" : 0,
		"score" :0
},
	"LeftEar" : {
		"x" : 712.793,
		"y" : 603.096,
		"score" :0.926674
},
	"LeftBigToe" : {
		"x" : 414.25,
		"y" : 1912.37,
		"score" :0.274233
},
	"LeftSmallToe" : {
		"x" : 445.727,
		"y" : 1912.44,
		"score" :0.322784
},
	"RightBigToe" : {
		"x" : 430.001,
		"y" : 1912.37,
		"score" :0.486331
},
	"RightSmallToe" : {
		"x" : 236.178,
		"y" : 1865.19,
		"score" :0.740808
},
	"RightHeel" : {
		"x" : 199.554,
		"y" : 1859.86,
		"score" :0.681998
},
	"Background" : {
		"x" : 236.245,
		"y" : 1734.4,
		"score" :0.709896
}
}
}