{
"predictions" : {
	"Nose" : {
		"x" : 597.599,
		"y" : 498.202,
		"score" :0.855909
},
	"Neck" : {
		"x" : 639.317,
		"y" : 650.284,
		"score" :0.878489
},
	"RightShoulder" : {
		"x" : 513.721,
		"y" : 650.275,
		"score" :0.845378
},
	"RightElbow" : {
		"x" : 456.129,
		"y" : 895.925,
		"score" :0.796545
},
	"RightWrist" : {
		"x" : 424.79,
		"y" : 1116.34,
		"score" :0.814362
},
	"LeftShoulder" : {
		"x" : 765.177,
		"y" : 655.331,
		"score" :0.823524
},
	"LeftElbow" : {
		"x" : 780.999,
		"y" : 911.946,
		"score" :0.795989
},
	"LeftWrist" : {
		"x" : 765.289,
		"y" : 1116.28,
		"score" :0.876709
},
	"MiddleHip" : {
		"x" : 602.814,
		"y" : 1058.5,
		"score" :0.643894
},
	"RightHip" : {
		"x" : 519.104,
		"y" : 1048.1,
		"score" :0.658182
},
	"RightKnee" : {
		"x" : 471.857,
		"y" : 1414.74,
		"score" :0.698407
},
	"RightAnkle" : {
		"x" : 393.47,
		"y" : 1833.74,
		"score" :0.620945
},
	"LeftHip" : {
		"x" : 686.391,
		"y" : 1063.68,
		"score" :0.641317
},
	"LeftKnee" : {
		"x" : 649.783,
		"y" : 1440.79,
		"score" :0.646693
},
	"LeftAnkle" : {
		"x" : 608.147,
		"y" : 1807.58,
		"score" :0.71133
},
	"RightEye" : {
		"x" : 561.009,
		"y" : 472.016,
		"score" :0.927078
},
	"LeftEye" : {
		"x" : 618.68,
		"y" : 466.642,
		"score" :0.860229
},
	"RightEar" : {
		"x" : 524.258,
		"y" : 472.009,
		"score" :0.462219
},
	"LeftEar" : {
		"x" : 686.713,
		"y" : 456.242,
		"score" :0.89295
},
	"LeftBigToe" : {
		"x" : 613.3,
		"y" : 1865.43,
		"score" :0.589511
},
	"LeftSmallToe" : {
		"x" : 650.002,
		"y" : 1865.18,
		"score" :0.653122
},
	"RightBigToe" : {
		"x" : 581.921,
		"y" : 1823.43,
		"score" :0.546457
},
	"RightSmallToe" : {
		"x" : 367.127,
		"y" : 1912.4,
		"score" :0.202981
},
	"RightHeel" : {
		"x" : 346.161,
		"y" : 1912.33,
		"score" :0.215261
},
	"Background" : {
		"x" : 403.875,
		"y" : 1860,
		"score" :0.314575
}
}
}