{
"predictions" : {
	"Nose" : {
		"x" : 817.431,
		"y" : 273.138,
		"score" :0.956017
},
	"Neck" : {
		"x" : 744.206,
		"y" : 440.686,
		"score" :0.871513
},
	"RightShoulder" : {
		"x" : 602.952,
		"y" : 471.978,
		"score" :0.8137
},
	"RightElbow" : {
		"x" : 540.105,
		"y" : 728.659,
		"score" :0.83285
},
	"RightWrist" : {
		"x" : 498.131,
		"y" : 964.356,
		"score" :0.815979
},
	"LeftShoulder" : {
		"x" : 896.06,
		"y" : 419.618,
		"score" :0.837616
},
	"LeftElbow" : {
		"x" : 937.888,
		"y" : 665.73,
		"score" :0.715789
},
	"LeftWrist" : {
		"x" : 980.188,
		"y" : 869.9,
		"score" :0.82435
},
	"MiddleHip" : {
		"x" : 791.473,
		"y" : 922.282,
		"score" :0.62501
},
	"RightHip" : {
		"x" : 697.298,
		"y" : 927.627,
		"score" :0.629508
},
	"RightKnee" : {
		"x" : 843.736,
		"y" : 1309.91,
		"score" :0.709147
},
	"RightAnkle" : {
		"x" : 937.989,
		"y" : 1755.16,
		"score" :0.669077
},
	"LeftHip" : {
		"x" : 890.787,
		"y" : 911.888,
		"score" :0.61648
},
	"LeftKnee" : {
		"x" : 848.968,
		"y" : 1320.49,
		"score" :0.685862
},
	"LeftAnkle" : {
		"x" : 812.383,
		"y" : 1655.8,
		"score" :0.766359
},
	"RightEye" : {
		"x" : 770.684,
		"y" : 257.094,
		"score" :0.899621
},
	"LeftEye" : {
		"x" : 828.017,
		"y" : 236.288,
		"score" :0.873591
},
	"RightEar" : {
		"x" : 691.658,
		"y" : 267.721,
		"score" :1.00106
},
	"LeftEar" : {
		"x" : 0,
		"y" : 0,
		"score" :0
},
	"LeftBigToe" : {
		"x" : 0,
		"y" : 0,
		"score" :0
},
	"LeftSmallToe" : {
		"x" : 0,
		"y" : 0,
		"score" :0
},
	"RightBigToe" : {
		"x" : 786.256,
		"y" : 1697.58,
		"score" :0.73279
},
	"RightSmallToe" : {
		"x" : 1032.48,
		"y" : 1807.48,
		"score" :0.441254
},
	"RightHeel" : {
		"x" : 1000.99,
		"y" : 1818.08,
		"score" :0.476131
},
	"Background" : {
		"x" : 901.261,
		"y" : 1802.35,
		"score" :0.515327
}
}
}