{
"predictions" : {
	"Nose" : {
		"x" : 482.376,
		"y" : 561.181,
		"score" :0.943944
},
	"Neck" : {
		"x" : 498.072,
		"y" : 728.32,
		"score" :0.849249
},
	"RightShoulder" : {
		"x" : 372.483,
		"y" : 728.729,
		"score" :0.792812
},
	"RightElbow" : {
		"x" : 319.952,
		"y" : 922.308,
		"score" :0.819706
},
	"RightWrist" : {
		"x" : 220.284,
		"y" : 1032.28,
		"score" :0.824369
},
	"LeftShoulder" : {
		"x" : 623.736,
		"y" : 717.982,
		"score" :0.760551
},
	"LeftElbow" : {
		"x" : 686.821,
		"y" : 901.667,
		"score" :0.856238
},
	"LeftWrist" : {
		"x" : 603.036,
		"y" : 1069.15,
		"score" :0.860118
},
	"MiddleHip" : {
		"x" : 492.891,
		"y" : 1147.68,
		"score" :0.71306
},
	"RightHip" : {
		"x" : 424.645,
		"y" : 1147.41,
		"score" :0.700763
},
	"RightKnee" : {
		"x" : 309.59,
		"y" : 1430.41,
		"score" :0.790167
},
	"RightAnkle" : {
		"x" : 236.244,
		"y" : 1728.98,
		"score" :0.735121
},
	"LeftHip" : {
		"x" : 571.323,
		"y" : 1152.87,
		"score" :0.674989
},
	"LeftKnee" : {
		"x" : 519.218,
		"y" : 1451.53,
		"score" :0.780329
},
	"LeftAnkle" : {
		"x" : 545.243,
		"y" : 1781.37,
		"score" :0.748622
},
	"RightEye" : {
		"x" : 456.261,
		"y" : 534.779,
		"score" :0.831488
},
	"LeftEye" : {
		"x" : 513.827,
		"y" : 534.75,
		"score" :0.862964
},
	"RightEar" : {
		"x" : 414.355,
		"y" : 555.588,
		"score" :0.75679
},
	"LeftEar" : {
		"x" : 545.321,
		"y" : 555.538,
		"score" :0.75858
},
	"LeftBigToe" : {
		"x" : 435.379,
		"y" : 1823.16,
		"score" :0.771518
},
	"LeftSmallToe" : {
		"x" : 482.224,
		"y" : 1833.87,
		"score" :0.67292
},
	"RightBigToe" : {
		"x" : 571.587,
		"y" : 1828.62,
		"score" :0.695335
},
	"RightSmallToe" : {
		"x" : 147.192,
		"y" : 1770.73,
		"score" :0.561063
},
	"RightHeel" : {
		"x" : 136.768,
		"y" : 1739.56,
		"score" :0.609022
},
	"Background" : {
		"x" : 272.823,
		"y" : 1770.96,
		"score" :0.71083
}
}
}