{
"predictions" : {
	"Nose" : {
		"x" : 315.028,
		"y" : 702.406,
		"score" :0.869059
},
	"Neck" : {
		"x" : 330.469,
		"y" : 801.814,
		"score" :0.835556
},
	"RightShoulder" : {
		"x" : 225.88,
		"y" : 781.084,
		"score" :0.860205
},
	"RightElbow" : {
		"x" : 105.528,
		"y" : 660.397,
		"score" :0.836415
},
	"RightWrist" : {
		"x" : 231.033,
		"y" : 555.533,
		"score" :0.790916
},
	"LeftShoulder" : {
		"x" : 435.277,
		"y" : 812.088,
		"score" :0.846446
},
	"LeftElbow" : {
		"x" : 592.452,
		"y" : 822.895,
		"score" :0.83856
},
	"LeftWrist" : {
		"x" : 492.917,
		"y" : 932.932,
		"score" :0.784057
},
	"MiddleHip" : {
		"x" : 267.753,
		"y" : 1153.03,
		"score" :0.768291
},
	"RightHip" : {
		"x" : 194.198,
		"y" : 1147.46,
		"score" :0.740397
},
	"RightKnee" : {
		"x" : 152.301,
		"y" : 1393.75,
		"score" :0.799856
},
	"RightAnkle" : {
		"x" : 147.004,
		"y" : 1624.34,
		"score" :0.821945
},
	"LeftHip" : {
		"x" : 340.994,
		"y" : 1178.95,
		"score" :0.694271
},
	"LeftKnee" : {
		"x" : 356.662,
		"y" : 1435.69,
		"score" :0.855366
},
	"LeftAnkle" : {
		"x" : 482.254,
		"y" : 1592.76,
		"score" :0.80318
},
	"RightEye" : {
		"x" : 278.03,
		"y" : 686.503,
		"score" :0.9133
},
	"LeftEye" : {
		"x" : 351.176,
		"y" : 670.86,
		"score" :0.86981
},
	"RightEar" : {
		"x" : 230.963,
		"y" : 697.33,
		"score" :0.796372
},
	"LeftEar" : {
		"x" : 393.311,
		"y" : 670.911,
		"score" :0.764706
},
	"LeftBigToe" : {
		"x" : 456.224,
		"y" : 1671.43,
		"score" :0.767693
},
	"LeftSmallToe" : {
		"x" : 498.023,
		"y" : 1660.88,
		"score" :0.787065
},
	"RightBigToe" : {
		"x" : 513.808,
		"y" : 1598.13,
		"score" :0.638636
},
	"RightSmallToe" : {
		"x" : 136.648,
		"y" : 1697.64,
		"score" :0.89216
},
	"RightHeel" : {
		"x" : 100.114,
		"y" : 1692.24,
		"score" :0.889765
},
	"Background" : {
		"x" : 162.93,
		"y" : 1650.52,
		"score" :0.677988
}
}
}