{
"predictions" : {
	"Nose" : {
		"x" : 608.386,
		"y" : 482.252,
		"score" :0.956311
},
	"Neck" : {
		"x" : 644.841,
		"y" : 634.304,
		"score" :0.904935
},
	"RightShoulder" : {
		"x" : 529.636,
		"y" : 650.1,
		"score" :0.851462
},
	"RightElbow" : {
		"x" : 587.136,
		"y" : 854.41,
		"score" :0.865161
},
	"RightWrist" : {
		"x" : 744.339,
		"y" : 943.278,
		"score" :0.874854
},
	"LeftShoulder" : {
		"x" : 744.378,
		"y" : 607.931,
		"score" :0.882073
},
	"LeftElbow" : {
		"x" : 775.47,
		"y" : 775.857,
		"score" :0.866172
},
	"LeftWrist" : {
		"x" : 812.146,
		"y" : 869.98,
		"score" :0.855456
},
	"MiddleHip" : {
		"x" : 676.06,
		"y" : 1006.1,
		"score" :0.71458
},
	"RightHip" : {
		"x" : 602.815,
		"y" : 1011.41,
		"score" :0.741186
},
	"RightKnee" : {
		"x" : 608.223,
		"y" : 1220.88,
		"score" :0.846658
},
	"RightAnkle" : {
		"x" : 644.71,
		"y" : 1399,
		"score" :0.920714
},
	"LeftHip" : {
		"x" : 738.981,
		"y" : 995.761,
		"score" :0.730008
},
	"LeftKnee" : {
		"x" : 749.575,
		"y" : 1226.1,
		"score" :0.827585
},
	"LeftAnkle" : {
		"x" : 780.93,
		"y" : 1441.09,
		"score" :0.827377
},
	"RightEye" : {
		"x" : 587.165,
		"y" : 445.885,
		"score" :0.876057
},
	"LeftEye" : {
		"x" : 649.752,
		"y" : 450.868,
		"score" :0.93839
},
	"RightEar" : {
		"x" : 545.215,
		"y" : 477.062,
		"score" :0.890195
},
	"LeftEar" : {
		"x" : 692.13,
		"y" : 477.202,
		"score" :0.964528
},
	"LeftBigToe" : {
		"x" : 843.674,
		"y" : 1540.5,
		"score" :0.717345
},
	"LeftSmallToe" : {
		"x" : 859.653,
		"y" : 1524.75,
		"score" :0.790651
},
	"RightBigToe" : {
		"x" : 765.096,
		"y" : 1472.28,
		"score" :0.800249
},
	"RightSmallToe" : {
		"x" : 629.024,
		"y" : 1488.21,
		"score" :0.847138
},
	"RightHeel" : {
		"x" : 602.649,
		"y" : 1482.63,
		"score" :0.850222
},
	"Background" : {
		"x" : 655.315,
		"y" : 1404.32,
		"score" :0.854574
}
}
}