{
"predictions" : {
	"Nose" : {
		"x" : 791.435,
		"y" : 283.39,
		"score" :0.825173
},
	"Neck" : {
		"x" : 702.346,
		"y" : 524.245,
		"score" :0.846324
},
	"RightShoulder" : {
		"x" : 503.424,
		"y" : 529.728,
		"score" :0.740093
},
	"RightElbow" : {
		"x" : 435.194,
		"y" : 796.665,
		"score" :0.803056
},
	"RightWrist" : {
		"x" : 644.587,
		"y" : 780.855,
		"score" :0.853416
},
	"LeftShoulder" : {
		"x" : 901.559,
		"y" : 518.908,
		"score" :0.820428
},
	"LeftElbow" : {
		"x" : 1000.98,
		"y" : 754.82,
		"score" :0.751827
},
	"LeftWrist" : {
		"x" : 906.565,
		"y" : 775.756,
		"score" :0.846973
},
	"MiddleHip" : {
		"x" : 770.199,
		"y" : 1089.98,
		"score" :0.570718
},
	"RightHip" : {
		"x" : 644.697,
		"y" : 1105.59,
		"score" :0.548923
},
	"RightKnee" : {
		"x" : 644.943,
		"y" : 1535.13,
		"score" :0.739282
},
	"RightAnkle" : {
		"x" : 702.323,
		"y" : 1833.84,
		"score" :0.608653
},
	"LeftHip" : {
		"x" : 890.97,
		"y" : 1079.5,
		"score" :0.557148
},
	"LeftKnee" : {
		"x" : 943.103,
		"y" : 1477.54,
		"score" :0.711462
},
	"LeftAnkle" : {
		"x" : 985.088,
		"y" : 1765.67,
		"score" :0.723441
},
	"RightEye" : {
		"x" : 738.964,
		"y" : 262.205,
		"score" :0.896313
},
	"LeftEye" : {
		"x" : 786.326,
		"y" : 246.735,
		"score" :0.778785
},
	"RightEar" : {
		"x" : 629.044,
		"y" : 299.089,
		"score" :0.855888
},
	"LeftEar" : {
		"x" : 0,
		"y" : 0,
		"score" :0
},
	"LeftBigToe" : {
		"x" : 1037.72,
		"y" : 1849.39,
		"score" :0.35974
},
	"LeftSmallToe" : {
		"x" : 1074.36,
		"y" : 1823.25,
		"score" :0.462619
},
	"RightBigToe" : {
		"x" : 958.967,
		"y" : 1781.52,
		"score" :0.477884
},
	"RightSmallToe" : {
		"x" : 691.884,
		"y" : 1912.34,
		"score" :0.319868
},
	"RightHeel" : {
		"x" : 655.228,
		"y" : 1870.56,
		"score" :0.407471
},
	"Background" : {
		"x" : 733.989,
		"y" : 1849.51,
		"score" :0.425944
}
}
}