{
"predictions" : {
	"Nose" : {
		"x" : 524.452,
		"y" : 304.367,
		"score" :0.923878
},
	"Neck" : {
		"x" : 393.243,
		"y" : 440.525,
		"score" :0.906037
},
	"RightShoulder" : {
		"x" : 267.661,
		"y" : 435.044,
		"score" :0.813113
},
	"RightElbow" : {
		"x" : 309.295,
		"y" : 712.804,
		"score" :0.831195
},
	"RightWrist" : {
		"x" : 492.928,
		"y" : 843.807,
		"score" :0.820755
},
	"LeftShoulder" : {
		"x" : 518.878,
		"y" : 450.872,
		"score" :0.789902
},
	"LeftElbow" : {
		"x" : 649.959,
		"y" : 691.908,
		"score" :0.949382
},
	"LeftWrist" : {
		"x" : 806.953,
		"y" : 890.843,
		"score" :0.81754
},
	"MiddleHip" : {
		"x" : 319.956,
		"y" : 922.433,
		"score" :0.675745
},
	"RightHip" : {
		"x" : 225.634,
		"y" : 932.733,
		"score" :0.630519
},
	"RightKnee" : {
		"x" : 225.584,
		"y" : 1273.33,
		"score" :0.888178
},
	"RightAnkle" : {
		"x" : 178.536,
		"y" : 1561.28,
		"score" :0.811677
},
	"LeftHip" : {
		"x" : 419.46,
		"y" : 922.279,
		"score" :0.63662
},
	"LeftKnee" : {
		"x" : 487.72,
		"y" : 1241.88,
		"score" :0.823202
},
	"LeftAnkle" : {
		"x" : 629.12,
		"y" : 1582.38,
		"score" :0.71551
},
	"RightEye" : {
		"x" : 503.422,
		"y" : 272.812,
		"score" :0.91039
},
	"LeftEye" : {
		"x" : 519.227,
		"y" : 267.873,
		"score" :0.0930694
},
	"RightEar" : {
		"x" : 419.578,
		"y" : 293.75,
		"score" :0.849921
},
	"LeftEar" : {
		"x" : 0,
		"y" : 0,
		"score" :0
},
	"LeftBigToe" : {
		"x" : 775.543,
		"y" : 1613.69,
		"score" :0.735466
},
	"LeftSmallToe" : {
		"x" : 770.6,
		"y" : 1608.25,
		"score" :0.727699
},
	"RightBigToe" : {
		"x" : 613.282,
		"y" : 1645.14,
		"score" :0.709672
},
	"RightSmallToe" : {
		"x" : 241.53,
		"y" : 1655.59,
		"score" :0.723251
},
	"RightHeel" : {
		"x" : 188.998,
		"y" : 1650.62,
		"score" :0.76986
},
	"Background" : {
		"x" : 152.418,
		"y" : 1577.12,
		"score" :0.683668
}
}
}