{
"predictions" : {
	"Nose" : {
		"x" : 356.974,
		"y" : 262.31,
		"score" :0.911379
},
	"Neck" : {
		"x" : 356.476,
		"y" : 434.959,
		"score" :0.887358
},
	"RightShoulder" : {
		"x" : 189.141,
		"y" : 414.36,
		"score" :0.770858
},
	"RightElbow" : {
		"x" : 100.044,
		"y" : 634.241,
		"score" :0.774084
},
	"RightWrist" : {
		"x" : 147.187,
		"y" : 812.095,
		"score" :0.880978
},
	"LeftShoulder" : {
		"x" : 518.94,
		"y" : 440.294,
		"score" :0.827382
},
	"LeftElbow" : {
		"x" : 581.954,
		"y" : 691.724,
		"score" :0.768038
},
	"LeftWrist" : {
		"x" : 560.775,
		"y" : 917.059,
		"score" :0.811568
},
	"MiddleHip" : {
		"x" : 351.148,
		"y" : 959.082,
		"score" :0.643272
},
	"RightHip" : {
		"x" : 251.945,
		"y" : 953.769,
		"score" :0.602571
},
	"RightKnee" : {
		"x" : 309.312,
		"y" : 1283.9,
		"score" :0.761547
},
	"RightAnkle" : {
		"x" : 393.183,
		"y" : 1529.89,
		"score" :0.800272
},
	"LeftHip" : {
		"x" : 435.443,
		"y" : 974.598,
		"score" :0.642254
},
	"LeftKnee" : {
		"x" : 482.373,
		"y" : 1320.56,
		"score" :0.776096
},
	"LeftAnkle" : {
		"x" : 555.63,
		"y" : 1655.76,
		"score" :0.730568
},
	"RightEye" : {
		"x" : 335.793,
		"y" : 220.58,
		"score" :0.866926
},
	"LeftEye" : {
		"x" : 398.873,
		"y" : 230.82,
		"score" :0.93572
},
	"RightEar" : {
		"x" : 272.937,
		"y" : 225.89,
		"score" :0.929989
},
	"LeftEar" : {
		"x" : 445.886,
		"y" : 257.086,
		"score" :0.7302
},
	"LeftBigToe" : {
		"x" : 581.941,
		"y" : 1723.78,
		"score" :0.583398
},
	"LeftSmallToe" : {
		"x" : 634.204,
		"y" : 1707.97,
		"score" :0.694813
},
	"RightBigToe" : {
		"x" : 524.188,
		"y" : 1702.8,
		"score" :0.58923
},
	"RightSmallToe" : {
		"x" : 314.808,
		"y" : 1624.3,
		"score" :0.675604
},
	"RightHeel" : {
		"x" : 293.833,
		"y" : 1608.53,
		"score" :0.706948
},
	"Background" : {
		"x" : 430.018,
		"y" : 1556.08,
		"score" :0.673784
}
}
}