{
"predictions" : {
	"Nose" : {
		"x" : 267.35,
		"y" : 765.247,
		"score" :0.901391
},
	"Neck" : {
		"x" : 377.536,
		"y" : 854.059,
		"score" :0.839274
},
	"RightShoulder" : {
		"x" : 288.66,
		"y" : 849.001,
		"score" :0.72268
},
	"RightElbow" : {
		"x" : 142.069,
		"y" : 943.419,
		"score" :0.888973
},
	"RightWrist" : {
		"x" : 225.886,
		"y" : 828.18,
		"score" :0.700493
},
	"LeftShoulder" : {
		"x" : 461.502,
		"y" : 854.3,
		"score" :0.813197
},
	"LeftElbow" : {
		"x" : 387.959,
		"y" : 1026.98,
		"score" :0.869368
},
	"LeftWrist" : {
		"x" : 288.543,
		"y" : 896.314,
		"score" :0.867236
},
	"MiddleHip" : {
		"x" : 314.605,
		"y" : 1247.12,
		"score" :0.723632
},
	"RightHip" : {
		"x" : 241.538,
		"y" : 1236.74,
		"score" :0.691684
},
	"RightKnee" : {
		"x" : 215.21,
		"y" : 1519.37,
		"score" :0.773606
},
	"RightAnkle" : {
		"x" : 273.027,
		"y" : 1713.4,
		"score" :0.797518
},
	"LeftHip" : {
		"x" : 387.938,
		"y" : 1257.57,
		"score" :0.666988
},
	"LeftKnee" : {
		"x" : 340.912,
		"y" : 1524.68,
		"score" :0.768937
},
	"LeftAnkle" : {
		"x" : 346.029,
		"y" : 1770.85,
		"score" :0.779414
},
	"RightEye" : {
		"x" : 230.847,
		"y" : 733.794,
		"score" :0.949285
},
	"LeftEye" : {
		"x" : 278.311,
		"y" : 718.041,
		"score" :0.873356
},
	"RightEar" : {
		"x" : 0,
		"y" : 0,
		"score" :0
},
	"LeftEar" : {
		"x" : 398.744,
		"y" : 691.691,
		"score" :0.910125
},
	"LeftBigToe" : {
		"x" : 272.681,
		"y" : 1812.66,
		"score" :0.753658
},
	"LeftSmallToe" : {
		"x" : 309.419,
		"y" : 1818.14,
		"score" :0.764617
},
	"RightBigToe" : {
		"x" : 356.873,
		"y" : 1786.6,
		"score" :0.683553
},
	"RightSmallToe" : {
		"x" : 225.708,
		"y" : 1776.13,
		"score" :0.861995
},
	"RightHeel" : {
		"x" : 220.31,
		"y" : 1755.25,
		"score" :0.752136
},
	"Background" : {
		"x" : 299.048,
		"y" : 1734.26,
		"score" :0.475489
}
}
}