{
"predictions" : {
	"Nose" : {
		"x" : 550.401,
		"y" : 419.459,
		"score" :0.848999
},
	"Neck" : {
		"x" : 561.101,
		"y" : 566,
		"score" :0.892061
},
	"RightShoulder" : {
		"x" : 440.664,
		"y" : 571.354,
		"score" :0.820773
},
	"RightElbow" : {
		"x" : 330.476,
		"y" : 733.911,
		"score" :0.84263
},
	"RightWrist" : {
		"x" : 188.924,
		"y" : 733.787,
		"score" :0.841355
},
	"LeftShoulder" : {
		"x" : 686.418,
		"y" : 555.675,
		"score" :0.710439
},
	"LeftElbow" : {
		"x" : 817.67,
		"y" : 702.309,
		"score" :0.83733
},
	"LeftWrist" : {
		"x" : 728.767,
		"y" : 518.847,
		"score" :0.729458
},
	"MiddleHip" : {
		"x" : 529.487,
		"y" : 943.338,
		"score" :0.620505
},
	"RightHip" : {
		"x" : 445.874,
		"y" : 938.192,
		"score" :0.592654
},
	"RightKnee" : {
		"x" : 477.207,
		"y" : 1330.85,
		"score" :0.667432
},
	"RightAnkle" : {
		"x" : 545.142,
		"y" : 1718.57,
		"score" :0.716299
},
	"LeftHip" : {
		"x" : 608.164,
		"y" : 943.42,
		"score" :0.600421
},
	"LeftKnee" : {
		"x" : 613.405,
		"y" : 1330.95,
		"score" :0.710332
},
	"LeftAnkle" : {
		"x" : 702.515,
		"y" : 1744.67,
		"score" :0.687474
},
	"RightEye" : {
		"x" : 518.917,
		"y" : 393.441,
		"score" :0.939772
},
	"LeftEye" : {
		"x" : 571.37,
		"y" : 388.076,
		"score" :0.894941
},
	"RightEar" : {
		"x" : 482.63,
		"y" : 429.885,
		"score" :0.684654
},
	"LeftEar" : {
		"x" : 618.716,
		"y" : 398.355,
		"score" :0.83797
},
	"LeftBigToe" : {
		"x" : 691.843,
		"y" : 1859.79,
		"score" :0.759653
},
	"LeftSmallToe" : {
		"x" : 733.961,
		"y" : 1849.35,
		"score" :0.678706
},
	"RightBigToe" : {
		"x" : 702.465,
		"y" : 1776.04,
		"score" :0.488081
},
	"RightSmallToe" : {
		"x" : 450.892,
		"y" : 1817.77,
		"score" :0.688961
},
	"RightHeel" : {
		"x" : 440.409,
		"y" : 1786.56,
		"score" :0.698619
},
	"Background" : {
		"x" : 576.609,
		"y" : 1749.97,
		"score" :0.698233
}
}
}