{
"predictions" : {
	"Nose" : {
		"x" : 466.631,
		"y" : 492.892,
		"score" :0.856915
},
	"Neck" : {
		"x" : 477.206,
		"y" : 665.749,
		"score" :0.907085
},
	"RightShoulder" : {
		"x" : 351.166,
		"y" : 665.7,
		"score" :0.827389
},
	"RightElbow" : {
		"x" : 272.735,
		"y" : 854.441,
		"score" :0.912022
},
	"RightWrist" : {
		"x" : 356.894,
		"y" : 864.642,
		"score" :0.873588
},
	"LeftShoulder" : {
		"x" : 608.161,
		"y" : 660.481,
		"score" :0.849231
},
	"LeftElbow" : {
		"x" : 681.319,
		"y" : 885.712,
		"score" :0.833918
},
	"LeftWrist" : {
		"x" : 576.78,
		"y" : 1022.03,
		"score" :0.861402
},
	"MiddleHip" : {
		"x" : 477.213,
		"y" : 1074.28,
		"score" :0.681667
},
	"RightHip" : {
		"x" : 393.105,
		"y" : 1074.35,
		"score" :0.644767
},
	"RightKnee" : {
		"x" : 393.094,
		"y" : 1440.98,
		"score" :0.725073
},
	"RightAnkle" : {
		"x" : 393.143,
		"y" : 1786.53,
		"score" :0.78447
},
	"LeftHip" : {
		"x" : 566.133,
		"y" : 1069.09,
		"score" :0.664697
},
	"LeftKnee" : {
		"x" : 561.007,
		"y" : 1440.81,
		"score" :0.735675
},
	"LeftAnkle" : {
		"x" : 524.309,
		"y" : 1797.16,
		"score" :0.788106
},
	"RightEye" : {
		"x" : 435.236,
		"y" : 471.958,
		"score" :0.919632
},
	"LeftEye" : {
		"x" : 487.839,
		"y" : 471.902,
		"score" :0.870022
},
	"RightEar" : {
		"x" : 398.627,
		"y" : 482.336,
		"score" :0.806399
},
	"LeftEar" : {
		"x" : 540.014,
		"y" : 482.231,
		"score" :0.893073
},
	"LeftBigToe" : {
		"x" : 587.109,
		"y" : 1864.89,
		"score" :0.546658
},
	"LeftSmallToe" : {
		"x" : 603.027,
		"y" : 1849.52,
		"score" :0.621769
},
	"RightBigToe" : {
		"x" : 503.278,
		"y" : 1828.61,
		"score" :0.671028
},
	"RightSmallToe" : {
		"x" : 351.496,
		"y" : 1833.88,
		"score" :0.424771
},
	"RightHeel" : {
		"x" : 320.114,
		"y" : 1823.22,
		"score" :0.468574
},
	"Background" : {
		"x" : 398.813,
		"y" : 1818.16,
		"score" :0.714379
}
}
}