{
"predictions" : {
	"Nose" : {
		"x" : 351.317,
		"y" : 644.864,
		"score" :0.954779
},
	"Neck" : {
		"x" : 278.138,
		"y" : 791.478,
		"score" :0.843536
},
	"RightShoulder" : {
		"x" : 147.389,
		"y" : 780.93,
		"score" :0.811868
},
	"RightElbow" : {
		"x" : 58.3201,
		"y" : 948.638,
		"score" :0.767429
},
	"RightWrist" : {
		"x" : 210.092,
		"y" : 979.895,
		"score" :0.825709
},
	"LeftShoulder" : {
		"x" : 398.834,
		"y" : 807.037,
		"score" :0.82972
},
	"LeftElbow" : {
		"x" : 477.186,
		"y" : 943.468,
		"score" :0.859696
},
	"LeftWrist" : {
		"x" : 314.858,
		"y" : 901.467,
		"score" :0.767071
},
	"MiddleHip" : {
		"x" : 309.285,
		"y" : 1168.54,
		"score" :0.708151
},
	"RightHip" : {
		"x" : 220.463,
		"y" : 1168.59,
		"score" :0.661307
},
	"RightKnee" : {
		"x" : 231.178,
		"y" : 1440.93,
		"score" :0.755065
},
	"RightAnkle" : {
		"x" : 236.167,
		"y" : 1692.23,
		"score" :0.778827
},
	"LeftHip" : {
		"x" : 393.338,
		"y" : 1168.52,
		"score" :0.705499
},
	"LeftKnee" : {
		"x" : 440.268,
		"y" : 1440.97,
		"score" :0.826641
},
	"LeftAnkle" : {
		"x" : 477.118,
		"y" : 1681.93,
		"score" :0.787216
},
	"RightEye" : {
		"x" : 309.659,
		"y" : 607.94,
		"score" :0.977021
},
	"LeftEye" : {
		"x" : 387.99,
		"y" : 613.442,
		"score" :0.878072
},
	"RightEar" : {
		"x" : 225.846,
		"y" : 618.545,
		"score" :0.781722
},
	"LeftEar" : {
		"x" : 404.047,
		"y" : 650.14,
		"score" :0.259791
},
	"LeftBigToe" : {
		"x" : 466.605,
		"y" : 1749.93,
		"score" :0.664147
},
	"LeftSmallToe" : {
		"x" : 508.639,
		"y" : 1739.61,
		"score" :0.72042
},
	"RightBigToe" : {
		"x" : 477.013,
		"y" : 1697.77,
		"score" :0.523784
},
	"RightSmallToe" : {
		"x" : 236.254,
		"y" : 1776.2,
		"score" :0.745876
},
	"RightHeel" : {
		"x" : 194.392,
		"y" : 1770.71,
		"score" :0.743928
},
	"Background" : {
		"x" : 257.081,
		"y" : 1702.84,
		"score" :0.541967
}
}
}