{
"predictions" : {
	"Nose" : {
		"x" : 602.958,
		"y" : 597.52,
		"score" :0.939946
},
	"Neck" : {
		"x" : 608.286,
		"y" : 728.319,
		"score" :0.946401
},
	"RightShoulder" : {
		"x" : 513.836,
		"y" : 728.583,
		"score" :0.883992
},
	"RightElbow" : {
		"x" : 482.198,
		"y" : 901.18,
		"score" :0.965674
},
	"RightWrist" : {
		"x" : 608.29,
		"y" : 943.18,
		"score" :0.945953
},
	"LeftShoulder" : {
		"x" : 723.131,
		"y" : 723.27,
		"score" :0.870707
},
	"LeftElbow" : {
		"x" : 733.908,
		"y" : 838.539,
		"score" :0.66603
},
	"LeftWrist" : {
		"x" : 749.62,
		"y" : 859.641,
		"score" :0.806603
},
	"MiddleHip" : {
		"x" : 628.996,
		"y" : 1027.29,
		"score" :0.755652
},
	"RightHip" : {
		"x" : 561.052,
		"y" : 1032.32,
		"score" :0.784133
},
	"RightKnee" : {
		"x" : 566.239,
		"y" : 1278.76,
		"score" :0.89904
},
	"RightAnkle" : {
		"x" : 576.763,
		"y" : 1524.69,
		"score" :0.851884
},
	"LeftHip" : {
		"x" : 691.879,
		"y" : 1027.13,
		"score" :0.79396
},
	"LeftKnee" : {
		"x" : 686.752,
		"y" : 1294.2,
		"score" :0.878146
},
	"LeftAnkle" : {
		"x" : 691.717,
		"y" : 1530.18,
		"score" :0.874165
},
	"RightEye" : {
		"x" : 576.628,
		"y" : 571.515,
		"score" :0.888823
},
	"LeftEye" : {
		"x" : 618.623,
		"y" : 566.234,
		"score" :0.905228
},
	"RightEar" : {
		"x" : 560.75,
		"y" : 602.704,
		"score" :0.872525
},
	"LeftEar" : {
		"x" : 655.134,
		"y" : 576.775,
		"score" :0.853468
},
	"LeftBigToe" : {
		"x" : 723.388,
		"y" : 1597.98,
		"score" :0.748668
},
	"LeftSmallToe" : {
		"x" : 739.185,
		"y" : 1577.04,
		"score" :0.771168
},
	"RightBigToe" : {
		"x" : 681.292,
		"y" : 1561.47,
		"score" :0.794405
},
	"RightSmallToe" : {
		"x" : 540.008,
		"y" : 1582.3,
		"score" :0.716724
},
	"RightHeel" : {
		"x" : 524.094,
		"y" : 1566.81,
		"score" :0.792399
},
	"Background" : {
		"x" : 602.867,
		"y" : 1540.4,
		"score" :0.840197
}
}
}