{
"predictions" : {
	"Nose" : {
		"x" : 890.715,
		"y" : 770.666,
		"score" :0.918409
},
	"Neck" : {
		"x" : 875.169,
		"y" : 891.026,
		"score" :0.882605
},
	"RightShoulder" : {
		"x" : 791.328,
		"y" : 890.765,
		"score" :0.855551
},
	"RightElbow" : {
		"x" : 734.102,
		"y" : 1011.49,
		"score" :0.891216
},
	"RightWrist" : {
		"x" : 728.774,
		"y" : 1111.02,
		"score" :0.967051
},
	"LeftShoulder" : {
		"x" : 958.941,
		"y" : 896.275,
		"score" :0.884387
},
	"LeftElbow" : {
		"x" : 985.231,
		"y" : 1021.65,
		"score" :0.902853
},
	"LeftWrist" : {
		"x" : 995.76,
		"y" : 1095.12,
		"score" :0.853302
},
	"MiddleHip" : {
		"x" : 859.574,
		"y" : 1173.71,
		"score" :0.796066
},
	"RightHip" : {
		"x" : 812.541,
		"y" : 1168.55,
		"score" :0.816333
},
	"RightKnee" : {
		"x" : 817.785,
		"y" : 1367.63,
		"score" :0.872224
},
	"RightAnkle" : {
		"x" : 854.058,
		"y" : 1577.02,
		"score" :0.84717
},
	"LeftHip" : {
		"x" : 906.77,
		"y" : 1173.81,
		"score" :0.750153
},
	"LeftKnee" : {
		"x" : 896.029,
		"y" : 1378.04,
		"score" :0.846422
},
	"LeftAnkle" : {
		"x" : 890.83,
		"y" : 1608.28,
		"score" :0.823908
},
	"RightEye" : {
		"x" : 864.722,
		"y" : 759.966,
		"score" :0.894443
},
	"LeftEye" : {
		"x" : 901.428,
		"y" : 765.08,
		"score" :0.926039
},
	"RightEar" : {
		"x" : 849.014,
		"y" : 770.586,
		"score" :0.886961
},
	"LeftEar" : {
		"x" : 937.808,
		"y" : 775.781,
		"score" :0.972058
},
	"LeftBigToe" : {
		"x" : 812.358,
		"y" : 1650.17,
		"score" :0.780376
},
	"LeftSmallToe" : {
		"x" : 848.901,
		"y" : 1655.49,
		"score" :0.802873
},
	"RightBigToe" : {
		"x" : 901.416,
		"y" : 1629.61,
		"score" :0.826994
},
	"RightSmallToe" : {
		"x" : 775.932,
		"y" : 1619.16,
		"score" :0.800335
},
	"RightHeel" : {
		"x" : 775.709,
		"y" : 1613.58,
		"score" :0.812833
},
	"Background" : {
		"x" : 864.69,
		"y" : 1608.6,
		"score" :0.496081
}
}
}