{
"predictions" : {
	"Nose" : {
		"x" : 686.505,
		"y" : 319.965,
		"score" :0.937575
},
	"Neck" : {
		"x" : 717.955,
		"y" : 477.045,
		"score" :0.889538
},
	"RightShoulder" : {
		"x" : 602.636,
		"y" : 456.199,
		"score" :0.81776
},
	"RightElbow" : {
		"x" : 733.861,
		"y" : 644.475,
		"score" :0.920131
},
	"RightWrist" : {
		"x" : 932.842,
		"y" : 550.411,
		"score" :0.834726
},
	"LeftShoulder" : {
		"x" : 838.469,
		"y" : 482.144,
		"score" :0.872735
},
	"LeftElbow" : {
		"x" : 796.652,
		"y" : 733.812,
		"score" :0.718494
},
	"LeftWrist" : {
		"x" : 864.954,
		"y" : 723.204,
		"score" :0.792135
},
	"MiddleHip" : {
		"x" : 650.058,
		"y" : 922.323,
		"score" :0.745029
},
	"RightHip" : {
		"x" : 560.768,
		"y" : 906.805,
		"score" :0.699517
},
	"RightKnee" : {
		"x" : 503.319,
		"y" : 1357.13,
		"score" :0.828012
},
	"RightAnkle" : {
		"x" : 189.174,
		"y" : 1655.68,
		"score" :0.779707
},
	"LeftHip" : {
		"x" : 749.597,
		"y" : 932.701,
		"score" :0.697915
},
	"LeftKnee" : {
		"x" : 864.71,
		"y" : 1336.09,
		"score" :0.817263
},
	"LeftAnkle" : {
		"x" : 1053.38,
		"y" : 1734.32,
		"score" :0.676296
},
	"RightEye" : {
		"x" : 655.241,
		"y" : 304.206,
		"score" :0.898464
},
	"LeftEye" : {
		"x" : 723.103,
		"y" : 299.039,
		"score" :0.874755
},
	"RightEar" : {
		"x" : 0,
		"y" : 0,
		"score" :0
},
	"LeftEar" : {
		"x" : 781.013,
		"y" : 314.709,
		"score" :0.949514
},
	"LeftBigToe" : {
		"x" : 0,
		"y" : 0,
		"score" :0
},
	"LeftSmallToe" : {
		"x" : 0,
		"y" : 0,
		"score" :0
},
	"RightBigToe" : {
		"x" : 1074.38,
		"y" : 1749.98,
		"score" :0.463891
},
	"RightSmallToe" : {
		"x" : 236.268,
		"y" : 1797.06,
		"score" :0.765211
},
	"RightHeel" : {
		"x" : 194.309,
		"y" : 1781.54,
		"score" :0.701937
},
	"Background" : {
		"x" : 141.945,
		"y" : 1655.79,
		"score" :0.710319
}
}
}