{
"predictions" : {
	"Nose" : {
		"x" : 398.638,
		"y" : 189.155,
		"score" :0.974056
},
	"Neck" : {
		"x" : 435.254,
		"y" : 372.405,
		"score" :0.886983
},
	"RightShoulder" : {
		"x" : 273.104,
		"y" : 356.677,
		"score" :0.851684
},
	"RightElbow" : {
		"x" : 189.307,
		"y" : 602.579,
		"score" :0.896764
},
	"RightWrist" : {
		"x" : 152.373,
		"y" : 848.964,
		"score" :0.882881
},
	"LeftShoulder" : {
		"x" : 592.257,
		"y" : 388.111,
		"score" :0.796208
},
	"LeftElbow" : {
		"x" : 655.195,
		"y" : 644.898,
		"score" :0.863592
},
	"LeftWrist" : {
		"x" : 613.329,
		"y" : 885.782,
		"score" :0.866701
},
	"MiddleHip" : {
		"x" : 388.067,
		"y" : 859.58,
		"score" :0.692559
},
	"RightHip" : {
		"x" : 278.057,
		"y" : 854.305,
		"score" :0.704201
},
	"RightKnee" : {
		"x" : 267.54,
		"y" : 1220.99,
		"score" :0.839576
},
	"RightAnkle" : {
		"x" : 299.102,
		"y" : 1650.47,
		"score" :0.815835
},
	"LeftHip" : {
		"x" : 482.222,
		"y" : 864.865,
		"score" :0.690646
},
	"LeftKnee" : {
		"x" : 435.291,
		"y" : 1288.93,
		"score" :0.888865
},
	"LeftAnkle" : {
		"x" : 450.956,
		"y" : 1661.01,
		"score" :0.75983
},
	"RightEye" : {
		"x" : 382.746,
		"y" : 157.703,
		"score" :0.849706
},
	"LeftEye" : {
		"x" : 435.473,
		"y" : 157.782,
		"score" :0.905152
},
	"RightEar" : {
		"x" : 356.636,
		"y" : 178.67,
		"score" :0.129128
},
	"LeftEar" : {
		"x" : 503.38,
		"y" : 183.893,
		"score" :0.924235
},
	"LeftBigToe" : {
		"x" : 409.146,
		"y" : 1749.93,
		"score" :0.583585
},
	"LeftSmallToe" : {
		"x" : 466.633,
		"y" : 1739.71,
		"score" :0.586281
},
	"RightBigToe" : {
		"x" : 461.404,
		"y" : 1692.21,
		"score" :0.528681
},
	"RightSmallToe" : {
		"x" : 231.131,
		"y" : 1776.28,
		"score" :0.772715
},
	"RightHeel" : {
		"x" : 215.266,
		"y" : 1760.39,
		"score" :0.711139
},
	"Background" : {
		"x" : 330.5,
		"y" : 1671.33,
		"score" :0.750876
}
}
}