{
"predictions" : {
	"Nose" : {
		"x" : 430.075,
		"y" : 393.468,
		"score" :0.93862
},
	"Neck" : {
		"x" : 508.659,
		"y" : 581.895,
		"score" :0.823535
},
	"RightShoulder" : {
		"x" : 361.987,
		"y" : 639.418,
		"score" :0.792677
},
	"RightElbow" : {
		"x" : 293.804,
		"y" : 843.823,
		"score" :0.815875
},
	"RightWrist" : {
		"x" : 246.606,
		"y" : 686.702,
		"score" :0.839509
},
	"LeftShoulder" : {
		"x" : 650.065,
		"y" : 529.434,
		"score" :0.825963
},
	"LeftElbow" : {
		"x" : 822.97,
		"y" : 686.8,
		"score" :0.901983
},
	"LeftWrist" : {
		"x" : 817.615,
		"y" : 471.732,
		"score" :0.845275
},
	"MiddleHip" : {
		"x" : 587.131,
		"y" : 1058.51,
		"score" :0.640259
},
	"RightHip" : {
		"x" : 482.509,
		"y" : 1063.81,
		"score" :0.656792
},
	"RightKnee" : {
		"x" : 451.042,
		"y" : 1372.75,
		"score" :0.720209
},
	"RightAnkle" : {
		"x" : 451.061,
		"y" : 1608.52,
		"score" :0.794274
},
	"LeftHip" : {
		"x" : 686.688,
		"y" : 1042.8,
		"score" :0.673859
},
	"LeftKnee" : {
		"x" : 770.591,
		"y" : 1399.13,
		"score" :0.852953
},
	"LeftAnkle" : {
		"x" : 864.814,
		"y" : 1650.21,
		"score" :0.798035
},
	"RightEye" : {
		"x" : 377.613,
		"y" : 403.771,
		"score" :0.872599
},
	"LeftEye" : {
		"x" : 429.844,
		"y" : 351.514,
		"score" :0.937746
},
	"RightEar" : {
		"x" : 351.639,
		"y" : 498.051,
		"score" :0.862364
},
	"LeftEar" : {
		"x" : 476.825,
		"y" : 351.468,
		"score" :0.610638
},
	"LeftBigToe" : {
		"x" : 917.075,
		"y" : 1776.15,
		"score" :0.702969
},
	"LeftSmallToe" : {
		"x" : 948.557,
		"y" : 1755.09,
		"score" :0.669177
},
	"RightBigToe" : {
		"x" : 870.007,
		"y" : 1655.5,
		"score" :0.527826
},
	"RightSmallToe" : {
		"x" : 367.236,
		"y" : 1729,
		"score" :0.672224
},
	"RightHeel" : {
		"x" : 351.459,
		"y" : 1697.72,
		"score" :0.681097
},
	"Background" : {
		"x" : 482.535,
		"y" : 1624.34,
		"score" :0.688003
}
}
}