{
"predictions" : {
	"Nose" : {
		"x" : 691.957,
		"y" : 273.136,
		"score" :0.904302
},
	"Neck" : {
		"x" : 650.159,
		"y" : 451.054,
		"score" :0.852024
},
	"RightShoulder" : {
		"x" : 529.642,
		"y" : 445.811,
		"score" :0.74643
},
	"RightElbow" : {
		"x" : 362.009,
		"y" : 602.949,
		"score" :0.765081
},
	"RightWrist" : {
		"x" : 147.063,
		"y" : 759.852,
		"score" :0.641167
},
	"LeftShoulder" : {
		"x" : 775.527,
		"y" : 461.396,
		"score" :0.79747
},
	"LeftElbow" : {
		"x" : 890.947,
		"y" : 644.594,
		"score" :0.784412
},
	"LeftWrist" : {
		"x" : 985.045,
		"y" : 786.221,
		"score" :0.790895
},
	"MiddleHip" : {
		"x" : 623.856,
		"y" : 896.124,
		"score" :0.68545
},
	"RightHip" : {
		"x" : 524.526,
		"y" : 890.839,
		"score" :0.662136
},
	"RightKnee" : {
		"x" : 482.416,
		"y" : 1278.39,
		"score" :0.774615
},
	"RightAnkle" : {
		"x" : 398.75,
		"y" : 1650.23,
		"score" :0.737105
},
	"LeftHip" : {
		"x" : 728.284,
		"y" : 896.274,
		"score" :0.715703
},
	"LeftKnee" : {
		"x" : 786.114,
		"y" : 1267.93,
		"score" :0.707648
},
	"LeftAnkle" : {
		"x" : 854.46,
		"y" : 1645.17,
		"score" :0.670959
},
	"RightEye" : {
		"x" : 650.126,
		"y" : 246.765,
		"score" :0.848393
},
	"LeftEye" : {
		"x" : 723.307,
		"y" : 241.487,
		"score" :0.845883
},
	"RightEar" : {
		"x" : 602.561,
		"y" : 272.893,
		"score" :0.816676
},
	"LeftEar" : {
		"x" : 749.555,
		"y" : 267.53,
		"score" :0.234702
},
	"LeftBigToe" : {
		"x" : 943.387,
		"y" : 1708.15,
		"score" :0.531972
},
	"LeftSmallToe" : {
		"x" : 974.744,
		"y" : 1692.48,
		"score" :0.568548
},
	"RightBigToe" : {
		"x" : 817.591,
		"y" : 1697.65,
		"score" :0.561568
},
	"RightSmallToe" : {
		"x" : 471.741,
		"y" : 1718.56,
		"score" :0.64077
},
	"RightHeel" : {
		"x" : 403.924,
		"y" : 1713.37,
		"score" :0.628941
},
	"Background" : {
		"x" : 367.118,
		"y" : 1676.61,
		"score" :0.487994
}
}
}