{
"predictions" : {
	"Nose" : {
		"x" : 477.383,
		"y" : 466.692,
		"score" :0.909119
},
	"Neck" : {
		"x" : 503.284,
		"y" : 603.061,
		"score" :0.887696
},
	"RightShoulder" : {
		"x" : 393.281,
		"y" : 618.587,
		"score" :0.854591
},
	"RightElbow" : {
		"x" : 351.39,
		"y" : 828.051,
		"score" :0.888211
},
	"RightWrist" : {
		"x" : 330.524,
		"y" : 985.411,
		"score" :0.846467
},
	"LeftShoulder" : {
		"x" : 608.108,
		"y" : 587.162,
		"score" :0.876933
},
	"LeftElbow" : {
		"x" : 618.651,
		"y" : 749.458,
		"score" :0.663701
},
	"LeftWrist" : {
		"x" : 681.416,
		"y" : 875.266,
		"score" :0.715172
},
	"MiddleHip" : {
		"x" : 524.447,
		"y" : 953.891,
		"score" :0.731322
},
	"RightHip" : {
		"x" : 476.863,
		"y" : 964.249,
		"score" :0.708111
},
	"RightKnee" : {
		"x" : 508.635,
		"y" : 1257.5,
		"score" :0.793674
},
	"RightAnkle" : {
		"x" : 529.689,
		"y" : 1535.18,
		"score" :0.7336
},
	"LeftHip" : {
		"x" : 592.342,
		"y" : 948.593,
		"score" :0.680017
},
	"LeftKnee" : {
		"x" : 566.311,
		"y" : 1257.58,
		"score" :0.79716
},
	"LeftAnkle" : {
		"x" : 534.688,
		"y" : 1524.87,
		"score" :0.694486
},
	"RightEye" : {
		"x" : 451.019,
		"y" : 445.631,
		"score" :0.882424
},
	"LeftEye" : {
		"x" : 508.51,
		"y" : 440.337,
		"score" :0.919405
},
	"RightEar" : {
		"x" : 435.333,
		"y" : 477.323,
		"score" :0.921063
},
	"LeftEar" : {
		"x" : 555.533,
		"y" : 466.681,
		"score" :0.898752
},
	"LeftBigToe" : {
		"x" : 644.663,
		"y" : 1571.75,
		"score" :0.647824
},
	"LeftSmallToe" : {
		"x" : 639.523,
		"y" : 1566.38,
		"score" :0.611209
},
	"RightBigToe" : {
		"x" : 518.997,
		"y" : 1572.05,
		"score" :0.39046
},
	"RightSmallToe" : {
		"x" : 524.291,
		"y" : 1613.59,
		"score" :0.367164
},
	"RightHeel" : {
		"x" : 498.173,
		"y" : 1608.36,
		"score" :0.472076
},
	"Background" : {
		"x" : 534.821,
		"y" : 1577.02,
		"score" :0.567093
}
}
}