{
"predictions" : {
	"Nose" : {
		"x" : 429.936,
		"y" : 770.528,
		"score" :0.915278
},
	"Neck" : {
		"x" : 398.425,
		"y" : 901.452,
		"score" :0.926853
},
	"RightShoulder" : {
		"x" : 241.404,
		"y" : 901.557,
		"score" :0.79461
},
	"RightElbow" : {
		"x" : 168.013,
		"y" : 1126.57,
		"score" :0.744342
},
	"RightWrist" : {
		"x" : 162.895,
		"y" : 1341.4,
		"score" :0.788798
},
	"LeftShoulder" : {
		"x" : 550.425,
		"y" : 896.194,
		"score" :0.829194
},
	"LeftElbow" : {
		"x" : 623.77,
		"y" : 1063.53,
		"score" :0.748926
},
	"LeftWrist" : {
		"x" : 681.34,
		"y" : 1189.36,
		"score" :0.711199
},
	"MiddleHip" : {
		"x" : 393.242,
		"y" : 1320.57,
		"score" :0.722345
},
	"RightHip" : {
		"x" : 293.829,
		"y" : 1320.64,
		"score" :0.673651
},
	"RightKnee" : {
		"x" : 314.867,
		"y" : 1577.16,
		"score" :0.792708
},
	"RightAnkle" : {
		"x" : 398.656,
		"y" : 1775.92,
		"score" :0.819752
},
	"LeftHip" : {
		"x" : 482.39,
		"y" : 1325.66,
		"score" :0.676977
},
	"LeftKnee" : {
		"x" : 435.22,
		"y" : 1603.11,
		"score" :0.763325
},
	"LeftAnkle" : {
		"x" : 356.587,
		"y" : 1802.42,
		"score" :0.811298
},
	"RightEye" : {
		"x" : 404.021,
		"y" : 728.691,
		"score" :0.896955
},
	"LeftEye" : {
		"x" : 471.787,
		"y" : 760.036,
		"score" :0.874779
},
	"RightEar" : {
		"x" : 356.885,
		"y" : 728.636,
		"score" :0.735095
},
	"LeftEar" : {
		"x" : 492.994,
		"y" : 781.071,
		"score" :0.680833
},
	"LeftBigToe" : {
		"x" : 351.351,
		"y" : 1865.23,
		"score" :0.628458
},
	"LeftSmallToe" : {
		"x" : 372.424,
		"y" : 1865.19,
		"score" :0.651889
},
	"RightBigToe" : {
		"x" : 341.008,
		"y" : 1812.76,
		"score" :0.634929
},
	"RightSmallToe" : {
		"x" : 440.376,
		"y" : 1849.5,
		"score" :0.444829
},
	"RightHeel" : {
		"x" : 403.914,
		"y" : 1844.15,
		"score" :0.465955
},
	"Background" : {
		"x" : 414.321,
		"y" : 1776.26,
		"score" :0.509353
}
}
}