{
"predictions" : {
	"Nose" : {
		"x" : 414.21,
		"y" : 236.39,
		"score" :0.859986
},
	"Neck" : {
		"x" : 393.417,
		"y" : 356.466,
		"score" :0.907886
},
	"RightShoulder" : {
		"x" : 251.926,
		"y" : 351.406,
		"score" :0.789428
},
	"RightElbow" : {
		"x" : 168.021,
		"y" : 613.304,
		"score" :0.830056
},
	"RightWrist" : {
		"x" : 131.486,
		"y" : 409.017,
		"score" :0.795107
},
	"LeftShoulder" : {
		"x" : 534.724,
		"y" : 356.764,
		"score" :0.810568
},
	"LeftElbow" : {
		"x" : 560.763,
		"y" : 665.649,
		"score" :0.760618
},
	"LeftWrist" : {
		"x" : 608.352,
		"y" : 477.216,
		"score" :0.87622
},
	"MiddleHip" : {
		"x" : 356.456,
		"y" : 796.609,
		"score" :0.578421
},
	"RightHip" : {
		"x" : 267.61,
		"y" : 781.039,
		"score" :0.58249
},
	"RightKnee" : {
		"x" : 272.958,
		"y" : 1173.8,
		"score" :0.314637
},
	"RightAnkle" : {
		"x" : 335.706,
		"y" : 1624.25,
		"score" :0.251869
},
	"LeftHip" : {
		"x" : 440.455,
		"y" : 807.151,
		"score" :0.580773
},
	"LeftKnee" : {
		"x" : 429.977,
		"y" : 1215.7,
		"score" :0.379661
},
	"LeftAnkle" : {
		"x" : 461.411,
		"y" : 1640.01,
		"score" :0.383418
},
	"RightEye" : {
		"x" : 388.205,
		"y" : 215.162,
		"score" :0.881986
},
	"LeftEye" : {
		"x" : 440.675,
		"y" : 220.338,
		"score" :0.895838
},
	"RightEar" : {
		"x" : 330.437,
		"y" : 199.681,
		"score" :0.683325
},
	"LeftEar" : {
		"x" : 482.234,
		"y" : 220.391,
		"score" :0.538389
},
	"LeftBigToe" : {
		"x" : 482.353,
		"y" : 1692.3,
		"score" :0.0991234
},
	"LeftSmallToe" : {
		"x" : 0,
		"y" : 0,
		"score" :0
},
	"RightBigToe" : {
		"x" : 461.38,
		"y" : 1661,
		"score" :0.219146
},
	"RightSmallToe" : {
		"x" : 382.884,
		"y" : 1749.91,
		"score" :0.0501207
},
	"RightHeel" : {
		"x" : 0,
		"y" : 0,
		"score" :0
},
	"Background" : {
		"x" : 351.384,
		"y" : 1645.16,
		"score" :0.170644
}
}
}