{
"predictions" : {
	"Nose" : {
		"x" : 325.157,
		"y" : 409.175,
		"score" :0.835935
},
	"Neck" : {
		"x" : 325.296,
		"y" : 597.674,
		"score" :0.826797
},
	"RightShoulder" : {
		"x" : 168.055,
		"y" : 602.98,
		"score" :0.775652
},
	"RightElbow" : {
		"x" : 141.747,
		"y" : 833.392,
		"score" :0.775208
},
	"RightWrist" : {
		"x" : 152.42,
		"y" : 1027.05,
		"score" :0.852462
},
	"LeftShoulder" : {
		"x" : 487.663,
		"y" : 581.878,
		"score" :0.785957
},
	"LeftElbow" : {
		"x" : 529.548,
		"y" : 781.094,
		"score" :0.750411
},
	"LeftWrist" : {
		"x" : 560.728,
		"y" : 1000.88,
		"score" :0.781974
},
	"MiddleHip" : {
		"x" : 351.355,
		"y" : 1016.59,
		"score" :0.685521
},
	"RightHip" : {
		"x" : 267.464,
		"y" : 1016.68,
		"score" :0.660915
},
	"RightKnee" : {
		"x" : 230.882,
		"y" : 1278.46,
		"score" :0.776462
},
	"RightAnkle" : {
		"x" : 173.336,
		"y" : 1556.09,
		"score" :0.731359
},
	"LeftHip" : {
		"x" : 435.37,
		"y" : 1016.53,
		"score" :0.679452
},
	"LeftKnee" : {
		"x" : 440.272,
		"y" : 1278.77,
		"score" :0.791468
},
	"LeftAnkle" : {
		"x" : 477.157,
		"y" : 1508.99,
		"score" :0.711757
},
	"RightEye" : {
		"x" : 293.806,
		"y" : 387.896,
		"score" :0.821082
},
	"LeftEye" : {
		"x" : 356.857,
		"y" : 387.952,
		"score" :0.862764
},
	"RightEar" : {
		"x" : 236.352,
		"y" : 398.451,
		"score" :0.728693
},
	"LeftEar" : {
		"x" : 403.879,
		"y" : 398.446,
		"score" :0.738253
},
	"LeftBigToe" : {
		"x" : 518.886,
		"y" : 1561.34,
		"score" :0.584674
},
	"LeftSmallToe" : {
		"x" : 545.286,
		"y" : 1540.57,
		"score" :0.638689
},
	"RightBigToe" : {
		"x" : 456.226,
		"y" : 1535.26,
		"score" :0.430297
},
	"RightSmallToe" : {
		"x" : 230.863,
		"y" : 1613.68,
		"score" :0.661746
},
	"RightHeel" : {
		"x" : 178.527,
		"y" : 1613.89,
		"score" :0.639397
},
	"Background" : {
		"x" : 147.136,
		"y" : 1577.17,
		"score" :0.581756
}
}
}