{
    "predictions": {
        "Nose": {
            "x": 649.948608,
            "y": 189.149841,
            "score": 0.947902
        },
        "Neck": {
            "x": 649.992883,
            "y": 314.982520,
            "score": 0.91282
        },
        "RightShoulder": {
            "x": 482.270172,
            "y": 398.674896,
            "score": 0.866539
        },
        "RightElbow": {
            "x": 440.757141,
            "y": 671.035950,
            "score": 0.851445
        },
        "RightWrist": {
            "x": 403.904724,
            "y": 943.270447,
            "score": 0.856547
        },
        "LeftShoulder": {
            "x": 822.813110,
            "y": 398.851685,
            "score": 0.835945
        },
        "LeftElbow": {
            "x": 854.362244,
            "y": 697.133301,
            "score": 0.873974
        },
        "LeftWrist": {
            "x": 849.027893,
            "y": 959.106567,
            "score": 0.832252
        },
        "MiddleHip": {
            "x": 608.193787,
            "y": 969.431335,
            "score": 0.694217
        },
        "RightHip": {
            "x": 508.514496,
            "y": 958.970398,
            "score": 0.620651
        },
        "RightKnee": {
            "x": 519.036865,
            "y": 1325.649780,
            "score": 0.796560
        },
        "RightAnkle": {
            "x": 529.515381,
            "y": 1671.318970,
            "score": 0.783706
        },
        "LeftHip": {
            "x": 723.394531,
            "y": 974.802795,
            "score": 0.665809
        },
        "LeftKnee": {
            "x": 739.170471,
            "y": 1330.965210,
            "score": 0.787061
        },
        "LeftAnkle": {
            "x": 770.524353,
            "y": 1702.895996,
            "score": 0.792497
        },
        "RightEye": {
            "x": 613.382263,
            "y": 157.649689,
            "score": 0.878242
        },
        "LeftEye": {
            "x": 686.670471,
            "y": 152.589935,
            "score": 0.924251
        },
        "RightEar": {
            "x": 571.430603,
            "y": 183.915741,
            "score": 0.901086
        },
        "LeftEar": {
            "x": 733.733032,
            "y": 183.703140,
            "score": 0.980959
        },
        "LeftBigToe": {
            "x": 775.692200,
            "y": 1833.830566,
            "score": 0.656920
        },
        "LeftSmallToe": {
            "x": 822.825867,
            "y": 1823.197876,
            "score": 0.670762
        },
        "RightBigToe": {
            "x": 759.983643,
            "y": 1734.203125,
            "score": 0.594939
        },
        "RightSmallToe": {
            "x": 424.735260,
            "y": 1781.219727,
            "score": 0.762188
        },
        "RightHeel": {
            "x": 409.111450,
            "y": 1765.664185,
            "score": 0.643032
        },
        "Background": {
            "x": 566.388611,
            "y": 1697.750854,
            "score": 0.801213
        }
    }
}