{
"predictions" : {
	"Nose" : {
		"x" : 314.906,
		"y" : 555.543,
		"score" :0.900823
},
	"Neck" : {
		"x" : 471.746,
		"y" : 697.276,
		"score" :0.83242
},
	"RightShoulder" : {
		"x" : 278.098,
		"y" : 697.1,
		"score" :0.800896
},
	"RightElbow" : {
		"x" : 105.197,
		"y" : 880.377,
		"score" :0.822135
},
	"RightWrist" : {
		"x" : 99.8139,
		"y" : 990.609,
		"score" :0.844596
},
	"LeftShoulder" : {
		"x" : 649.833,
		"y" : 702.425,
		"score" :0.747078
},
	"LeftElbow" : {
		"x" : 775.899,
		"y" : 964.25,
		"score" :0.86527
},
	"LeftWrist" : {
		"x" : 686.889,
		"y" : 1158.09,
		"score" :0.85562
},
	"MiddleHip" : {
		"x" : 513.611,
		"y" : 1147.6,
		"score" :0.730792
},
	"RightHip" : {
		"x" : 393.466,
		"y" : 1147.49,
		"score" :0.717272
},
	"RightKnee" : {
		"x" : 183.791,
		"y" : 1372.84,
		"score" :0.833915
},
	"RightAnkle" : {
		"x" : 157.545,
		"y" : 1797,
		"score" :0.71674
},
	"LeftHip" : {
		"x" : 613.336,
		"y" : 1147.49,
		"score" :0.678436
},
	"LeftKnee" : {
		"x" : 854.002,
		"y" : 1488.28,
		"score" :0.84307
},
	"LeftAnkle" : {
		"x" : 943.249,
		"y" : 1781.22,
		"score" :0.888667
},
	"RightEye" : {
		"x" : 314.838,
		"y" : 513.818,
		"score" :0.848627
},
	"LeftEye" : {
		"x" : 356.933,
		"y" : 519.232,
		"score" :0.936158
},
	"RightEar" : {
		"x" : 0,
		"y" : 0,
		"score" :0
},
	"LeftEar" : {
		"x" : 477.175,
		"y" : 550.39,
		"score" :0.902784
},
	"LeftBigToe" : {
		"x" : 990.398,
		"y" : 1859.63,
		"score" :0.702604
},
	"LeftSmallToe" : {
		"x" : 1016.69,
		"y" : 1828.54,
		"score" :0.711086
},
	"RightBigToe" : {
		"x" : 937.901,
		"y" : 1797.13,
		"score" :0.708648
},
	"RightSmallToe" : {
		"x" : 99.9187,
		"y" : 1854.53,
		"score" :0.635821
},
	"RightHeel" : {
		"x" : 79.1437,
		"y" : 1828.48,
		"score" :0.608136
},
	"Background" : {
		"x" : 183.847,
		"y" : 1823.43,
		"score" :0.720073
}
}
}