{
"predictions" : {
	"Nose" : {
		"x" : 325.308,
		"y" : 529.585,
		"score" :0.8681
},
	"Neck" : {
		"x" : 325.167,
		"y" : 686.832,
		"score" :0.881917
},
	"RightShoulder" : {
		"x" : 188.965,
		"y" : 686.866,
		"score" :0.842695
},
	"RightElbow" : {
		"x" : 147.317,
		"y" : 901.62,
		"score" :0.910488
},
	"RightWrist" : {
		"x" : 152.612,
		"y" : 1110.91,
		"score" :0.842215
},
	"LeftShoulder" : {
		"x" : 471.849,
		"y" : 686.747,
		"score" :0.842463
},
	"LeftElbow" : {
		"x" : 524.091,
		"y" : 901.401,
		"score" :0.868432
},
	"LeftWrist" : {
		"x" : 529.576,
		"y" : 1095.2,
		"score" :0.770376
},
	"MiddleHip" : {
		"x" : 335.651,
		"y" : 1137.13,
		"score" :0.638755
},
	"RightHip" : {
		"x" : 241.53,
		"y" : 1131.93,
		"score" :0.629147
},
	"RightKnee" : {
		"x" : 273.021,
		"y" : 1440.69,
		"score" :0.78623
},
	"RightAnkle" : {
		"x" : 309.48,
		"y" : 1734.17,
		"score" :0.788327
},
	"LeftHip" : {
		"x" : 424.756,
		"y" : 1142.27,
		"score" :0.636602
},
	"LeftKnee" : {
		"x" : 398.668,
		"y" : 1446.06,
		"score" :0.841344
},
	"LeftAnkle" : {
		"x" : 393.228,
		"y" : 1744.66,
		"score" :0.769856
},
	"RightEye" : {
		"x" : 298.986,
		"y" : 508.461,
		"score" :0.854627
},
	"LeftEye" : {
		"x" : 356.791,
		"y" : 503.292,
		"score" :0.894928
},
	"RightEar" : {
		"x" : 231.289,
		"y" : 518.817,
		"score" :0.908705
},
	"LeftEar" : {
		"x" : 403.725,
		"y" : 513.876,
		"score" :0.824798
},
	"LeftBigToe" : {
		"x" : 393.21,
		"y" : 1844.18,
		"score" :0.597139
},
	"LeftSmallToe" : {
		"x" : 430.056,
		"y" : 1823.28,
		"score" :0.645766
},
	"RightBigToe" : {
		"x" : 367.265,
		"y" : 1776.05,
		"score" :0.625298
},
	"RightSmallToe" : {
		"x" : 304.299,
		"y" : 1823.4,
		"score" :0.622198
},
	"RightHeel" : {
		"x" : 267.642,
		"y" : 1812.85,
		"score" :0.593963
},
	"Background" : {
		"x" : 314.779,
		"y" : 1750.02,
		"score" :0.591717
}
}
}