{
"predictions" : {
	"Nose" : {
		"x" : 655.318,
		"y" : 393.336,
		"score" :0.929728
},
	"Neck" : {
		"x" : 639.39,
		"y" : 587.158,
		"score" :0.813416
},
	"RightShoulder" : {
		"x" : 513.76,
		"y" : 597.496,
		"score" :0.734941
},
	"RightElbow" : {
		"x" : 492.926,
		"y" : 901.395,
		"score" :0.681699
},
	"RightWrist" : {
		"x" : 561.047,
		"y" : 1126.69,
		"score" :0.788057
},
	"LeftShoulder" : {
		"x" : 759.858,
		"y" : 576.592,
		"score" :0.793325
},
	"LeftElbow" : {
		"x" : 823.042,
		"y" : 812.149,
		"score" :0.698437
},
	"LeftWrist" : {
		"x" : 870.008,
		"y" : 1016.61,
		"score" :0.762042
},
	"MiddleHip" : {
		"x" : 723.185,
		"y" : 1048.12,
		"score" :0.591225
},
	"RightHip" : {
		"x" : 644.523,
		"y" : 1068.93,
		"score" :0.560369
},
	"RightKnee" : {
		"x" : 618.473,
		"y" : 1325.69,
		"score" :0.580737
},
	"RightAnkle" : {
		"x" : 566.133,
		"y" : 1519.41,
		"score" :0.617701
},
	"LeftHip" : {
		"x" : 796.718,
		"y" : 1032.36,
		"score" :0.578063
},
	"LeftKnee" : {
		"x" : 807.124,
		"y" : 1231.34,
		"score" :0.467686
},
	"LeftAnkle" : {
		"x" : 791.377,
		"y" : 1372.81,
		"score" :0.610061
},
	"RightEye" : {
		"x" : 639.367,
		"y" : 361.805,
		"score" :0.886349
},
	"LeftEye" : {
		"x" : 686.851,
		"y" : 362.036,
		"score" :0.920687
},
	"RightEar" : {
		"x" : 592.287,
		"y" : 388.078,
		"score" :0.828164
},
	"LeftEar" : {
		"x" : 723.257,
		"y" : 393.424,
		"score" :0.696844
},
	"LeftBigToe" : {
		"x" : 901.36,
		"y" : 1414.75,
		"score" :0.622444
},
	"LeftSmallToe" : {
		"x" : 901.318,
		"y" : 1398.96,
		"score" :0.607566
},
	"RightBigToe" : {
		"x" : 754.815,
		"y" : 1404.12,
		"score" :0.450011
},
	"RightSmallToe" : {
		"x" : 697.096,
		"y" : 1571.88,
		"score" :0.485647
},
	"RightHeel" : {
		"x" : 650.042,
		"y" : 1597.94,
		"score" :0.495391
},
	"Background" : {
		"x" : 524.359,
		"y" : 1550.96,
		"score" :0.511265
}
}
}