{
"predictions" : {
	"Nose" : {
		"x" : 592.294,
		"y" : 775.515,
		"score" :0.911883
},
	"Neck" : {
		"x" : 587.18,
		"y" : 901.285,
		"score" :0.882578
},
	"RightShoulder" : {
		"x" : 477.335,
		"y" : 901.336,
		"score" :0.890838
},
	"RightElbow" : {
		"x" : 435.026,
		"y" : 1058.63,
		"score" :0.861663
},
	"RightWrist" : {
		"x" : 429.972,
		"y" : 1215.69,
		"score" :0.852766
},
	"LeftShoulder" : {
		"x" : 691.79,
		"y" : 896.255,
		"score" :0.90228
},
	"LeftElbow" : {
		"x" : 760.077,
		"y" : 1053.38,
		"score" :0.813066
},
	"LeftWrist" : {
		"x" : 739.097,
		"y" : 1199.93,
		"score" :0.869608
},
	"MiddleHip" : {
		"x" : 607.878,
		"y" : 1215.61,
		"score" :0.786244
},
	"RightHip" : {
		"x" : 529.464,
		"y" : 1215.67,
		"score" :0.744934
},
	"RightKnee" : {
		"x" : 518.772,
		"y" : 1409.55,
		"score" :0.825102
},
	"RightAnkle" : {
		"x" : 518.912,
		"y" : 1582.37,
		"score" :0.841158
},
	"LeftHip" : {
		"x" : 681.504,
		"y" : 1210.46,
		"score" :0.744291
},
	"LeftKnee" : {
		"x" : 754.716,
		"y" : 1404.32,
		"score" :0.824481
},
	"LeftAnkle" : {
		"x" : 733.732,
		"y" : 1561.29,
		"score" :0.906123
},
	"RightEye" : {
		"x" : 566.003,
		"y" : 765.027,
		"score" :0.924505
},
	"LeftEye" : {
		"x" : 603.048,
		"y" : 754.683,
		"score" :0.904393
},
	"RightEar" : {
		"x" : 529.604,
		"y" : 770.713,
		"score" :0.922391
},
	"LeftEar" : {
		"x" : 639.431,
		"y" : 765.292,
		"score" :0.867554
},
	"LeftBigToe" : {
		"x" : 786.213,
		"y" : 1608.54,
		"score" :0.878736
},
	"LeftSmallToe" : {
		"x" : 807.138,
		"y" : 1592.76,
		"score" :0.839429
},
	"RightBigToe" : {
		"x" : 712.755,
		"y" : 1566.83,
		"score" :0.82726
},
	"RightSmallToe" : {
		"x" : 466.559,
		"y" : 1639.83,
		"score" :0.758553
},
	"RightHeel" : {
		"x" : 445.644,
		"y" : 1614.05,
		"score" :0.838166
},
	"Background" : {
		"x" : 529.634,
		"y" : 1608.4,
		"score" :0.850041
}
}
}