{
"predictions" : {
	"Nose" : {
		"x" : 686.743,
		"y" : 754.654,
		"score" :0.902301
},
	"Neck" : {
		"x" : 692.002,
		"y" : 817.712,
		"score" :0.938383
},
	"RightShoulder" : {
		"x" : 592.289,
		"y" : 822.76,
		"score" :0.826177
},
	"RightElbow" : {
		"x" : 487.607,
		"y" : 686.533,
		"score" :0.743223
},
	"RightWrist" : {
		"x" : 435.398,
		"y" : 524.194,
		"score" :0.822064
},
	"LeftShoulder" : {
		"x" : 801.985,
		"y" : 812.58,
		"score" :0.834046
},
	"LeftElbow" : {
		"x" : 927.689,
		"y" : 686.644,
		"score" :0.61346
},
	"LeftWrist" : {
		"x" : 1016.69,
		"y" : 566.022,
		"score" :0.456145
},
	"MiddleHip" : {
		"x" : 691.675,
		"y" : 1178.97,
		"score" :0.774925
},
	"RightHip" : {
		"x" : 608.4,
		"y" : 1184.12,
		"score" :0.729996
},
	"RightKnee" : {
		"x" : 581.909,
		"y" : 1404.29,
		"score" :0.780822
},
	"RightAnkle" : {
		"x" : 534.775,
		"y" : 1634.62,
		"score" :0.791822
},
	"LeftHip" : {
		"x" : 770.216,
		"y" : 1173.75,
		"score" :0.725569
},
	"LeftKnee" : {
		"x" : 812.402,
		"y" : 1399.07,
		"score" :0.869814
},
	"LeftAnkle" : {
		"x" : 890.983,
		"y" : 1613.81,
		"score" :0.836695
},
	"RightEye" : {
		"x" : 660.382,
		"y" : 728.633,
		"score" :0.88855
},
	"LeftEye" : {
		"x" : 707.672,
		"y" : 728.574,
		"score" :0.878604
},
	"RightEar" : {
		"x" : 639.572,
		"y" : 733.676,
		"score" :0.578775
},
	"LeftEar" : {
		"x" : 744.216,
		"y" : 733.637,
		"score" :0.859529
},
	"LeftBigToe" : {
		"x" : 927.546,
		"y" : 1660.99,
		"score" :0.762528
},
	"LeftSmallToe" : {
		"x" : 948.629,
		"y" : 1650.44,
		"score" :0.827974
},
	"RightBigToe" : {
		"x" : 869.915,
		"y" : 1650.31,
		"score" :0.68017
},
	"RightSmallToe" : {
		"x" : 508.536,
		"y" : 1686.95,
		"score" :0.781078
},
	"RightHeel" : {
		"x" : 477.337,
		"y" : 1660.96,
		"score" :0.846316
},
	"Background" : {
		"x" : 555.746,
		"y" : 1655.72,
		"score" :0.769448
}
}
}