{
"predictions" : {
	"Nose" : {
		"x" : 864.849,
		"y" : 377.675,
		"score" :0.864072
},
	"Neck" : {
		"x" : 812.497,
		"y" : 550.398,
		"score" :0.902872
},
	"RightShoulder" : {
		"x" : 676.263,
		"y" : 529.462,
		"score" :0.816224
},
	"RightElbow" : {
		"x" : 571.434,
		"y" : 749.476,
		"score" :0.853037
},
	"RightWrist" : {
		"x" : 744.351,
		"y" : 770.31,
		"score" :0.868585
},
	"LeftShoulder" : {
		"x" : 948.52,
		"y" : 561.192,
		"score" :0.868925
},
	"LeftElbow" : {
		"x" : 1021.88,
		"y" : 786.168,
		"score" :0.899536
},
	"LeftWrist" : {
		"x" : 875.174,
		"y" : 828.022,
		"score" :0.816745
},
	"MiddleHip" : {
		"x" : 801.93,
		"y" : 964.326,
		"score" :0.704293
},
	"RightHip" : {
		"x" : 697.15,
		"y" : 948.635,
		"score" :0.718965
},
	"RightKnee" : {
		"x" : 534.707,
		"y" : 1273.47,
		"score" :0.812649
},
	"RightAnkle" : {
		"x" : 566.16,
		"y" : 1603.25,
		"score" :0.832618
},
	"LeftHip" : {
		"x" : 896.218,
		"y" : 974.72,
		"score" :0.721197
},
	"LeftKnee" : {
		"x" : 859.515,
		"y" : 1320.3,
		"score" :0.825056
},
	"LeftAnkle" : {
		"x" : 843.752,
		"y" : 1645.27,
		"score" :0.756886
},
	"RightEye" : {
		"x" : 833.375,
		"y" : 351.214,
		"score" :0.886291
},
	"LeftEye" : {
		"x" : 896.273,
		"y" : 351.348,
		"score" :0.967524
},
	"RightEar" : {
		"x" : 775.587,
		"y" : 356.602,
		"score" :0.83843
},
	"LeftEar" : {
		"x" : 917.177,
		"y" : 361.821,
		"score" :0.252059
},
	"LeftBigToe" : {
		"x" : 864.731,
		"y" : 1728.96,
		"score" :0.768287
},
	"LeftSmallToe" : {
		"x" : 901.314,
		"y" : 1708.13,
		"score" :0.831456
},
	"RightBigToe" : {
		"x" : 812.36,
		"y" : 1676.55,
		"score" :0.77515
},
	"RightSmallToe" : {
		"x" : 476.987,
		"y" : 1681.82,
		"score" :0.703594
},
	"RightHeel" : {
		"x" : 466.646,
		"y" : 1655.63,
		"score" :0.690323
},
	"Background" : {
		"x" : 602.864,
		"y" : 1624.16,
		"score" :0.849098
}
}
}