{
"predictions" : {
	"Nose" : {
		"x" : 351.378,
		"y" : 262.377,
		"score" :0.923916
},
	"Neck" : {
		"x" : 356.685,
		"y" : 398.779,
		"score" :0.915539
},
	"RightShoulder" : {
		"x" : 231.215,
		"y" : 398.404,
		"score" :0.859532
},
	"RightElbow" : {
		"x" : 183.837,
		"y" : 524.463,
		"score" :0.873827
},
	"RightWrist" : {
		"x" : 188.89,
		"y" : 608.336,
		"score" :0.902563
},
	"LeftShoulder" : {
		"x" : 477.268,
		"y" : 403.922,
		"score" :0.843952
},
	"LeftElbow" : {
		"x" : 576.745,
		"y" : 566.207,
		"score" :0.820012
},
	"LeftWrist" : {
		"x" : 681.395,
		"y" : 660.374,
		"score" :0.794515
},
	"MiddleHip" : {
		"x" : 377.658,
		"y" : 770.588,
		"score" :0.742276
},
	"RightHip" : {
		"x" : 304.214,
		"y" : 775.611,
		"score" :0.758514
},
	"RightKnee" : {
		"x" : 283.271,
		"y" : 1058.44,
		"score" :0.798572
},
	"RightAnkle" : {
		"x" : 335.647,
		"y" : 1278.51,
		"score" :0.813637
},
	"LeftHip" : {
		"x" : 461.397,
		"y" : 770.444,
		"score" :0.709686
},
	"LeftKnee" : {
		"x" : 471.775,
		"y" : 1027.13,
		"score" :0.83737
},
	"LeftAnkle" : {
		"x" : 492.875,
		"y" : 1242.01,
		"score" :0.818239
},
	"RightEye" : {
		"x" : 315.042,
		"y" : 230.981,
		"score" :0.921948
},
	"LeftEye" : {
		"x" : 377.678,
		"y" : 230.871,
		"score" :0.882871
},
	"RightEar" : {
		"x" : 288.665,
		"y" : 241.52,
		"score" :0.540303
},
	"LeftEar" : {
		"x" : 429.91,
		"y" : 236.395,
		"score" :0.798125
},
	"LeftBigToe" : {
		"x" : 477.134,
		"y" : 1320.48,
		"score" :0.860959
},
	"LeftSmallToe" : {
		"x" : 519.083,
		"y" : 1315.26,
		"score" :0.849001
},
	"RightBigToe" : {
		"x" : 498.072,
		"y" : 1268.12,
		"score" :0.690838
},
	"RightSmallToe" : {
		"x" : 314.838,
		"y" : 1336.23,
		"score" :0.762895
},
	"RightHeel" : {
		"x" : 283.284,
		"y" : 1330.86,
		"score" :0.776501
},
	"Background" : {
		"x" : 356.943,
		"y" : 1299.42,
		"score" :0.74039
}
}
}