{
"predictions" : {
	"Nose" : {
		"x" : 477.29,
		"y" : 225.867,
		"score" :0.977281
},
	"Neck" : {
		"x" : 477.364,
		"y" : 440.52,
		"score" :0.928267
},
	"RightShoulder" : {
		"x" : 320.052,
		"y" : 476.924,
		"score" :0.81851
},
	"RightElbow" : {
		"x" : 272.917,
		"y" : 681.412,
		"score" :0.888879
},
	"RightWrist" : {
		"x" : 231.198,
		"y" : 843.845,
		"score" :0.869817
},
	"LeftShoulder" : {
		"x" : 634.242,
		"y" : 419.486,
		"score" :0.776031
},
	"LeftElbow" : {
		"x" : 728.415,
		"y" : 649.804,
		"score" :0.963138
},
	"LeftWrist" : {
		"x" : 645.005,
		"y" : 843.817,
		"score" :0.848365
},
	"MiddleHip" : {
		"x" : 518.908,
		"y" : 859.69,
		"score" :0.759556
},
	"RightHip" : {
		"x" : 424.788,
		"y" : 870.003,
		"score" :0.680581
},
	"RightKnee" : {
		"x" : 476.95,
		"y" : 1231.23,
		"score" :0.777881
},
	"RightAnkle" : {
		"x" : 440.541,
		"y" : 1624.24,
		"score" :0.735699
},
	"LeftHip" : {
		"x" : 607.871,
		"y" : 859.491,
		"score" :0.730148
},
	"LeftKnee" : {
		"x" : 566.172,
		"y" : 1220.97,
		"score" :0.75232
},
	"LeftAnkle" : {
		"x" : 482.302,
		"y" : 1482.66,
		"score" :0.718462
},
	"RightEye" : {
		"x" : 435.397,
		"y" : 215.159,
		"score" :0.915438
},
	"LeftEye" : {
		"x" : 492.987,
		"y" : 204.792,
		"score" :0.840734
},
	"RightEar" : {
		"x" : 387.948,
		"y" : 273.099,
		"score" :0.909789
},
	"LeftEar" : {
		"x" : 524.258,
		"y" : 262.153,
		"score" :0.349262
},
	"LeftBigToe" : {
		"x" : 534.723,
		"y" : 1566.45,
		"score" :0.606537
},
	"LeftSmallToe" : {
		"x" : 539.932,
		"y" : 1556.1,
		"score" :0.604183
},
	"RightBigToe" : {
		"x" : 466.728,
		"y" : 1482.68,
		"score" :0.215805
},
	"RightSmallToe" : {
		"x" : 566.285,
		"y" : 1702.89,
		"score" :0.675235
},
	"RightHeel" : {
		"x" : 519.128,
		"y" : 1713.33,
		"score" :0.604912
},
	"Background" : {
		"x" : 414.228,
		"y" : 1655.8,
		"score" :0.628084
}
}
}