{
"predictions" : {
	"Nose" : {
		"x" : 388.103,
		"y" : 477.145,
		"score" :0.947289
},
	"Neck" : {
		"x" : 356.847,
		"y" : 613.338,
		"score" :0.903624
},
	"RightShoulder" : {
		"x" : 230.936,
		"y" : 639.563,
		"score" :0.803489
},
	"RightElbow" : {
		"x" : 58.1404,
		"y" : 801.755,
		"score" :0.871264
},
	"RightWrist" : {
		"x" : 220.43,
		"y" : 964.293,
		"score" :0.80399
},
	"LeftShoulder" : {
		"x" : 487.794,
		"y" : 602.795,
		"score" :0.875446
},
	"LeftElbow" : {
		"x" : 529.623,
		"y" : 807.178,
		"score" :0.854857
},
	"LeftWrist" : {
		"x" : 561.021,
		"y" : 979.79,
		"score" :0.929566
},
	"MiddleHip" : {
		"x" : 435.122,
		"y" : 1105.58,
		"score" :0.710252
},
	"RightHip" : {
		"x" : 351.529,
		"y" : 1105.71,
		"score" :0.666992
},
	"RightKnee" : {
		"x" : 367.213,
		"y" : 1488.05,
		"score" :0.768305
},
	"RightAnkle" : {
		"x" : 382.84,
		"y" : 1849.38,
		"score" :0.731701
},
	"LeftHip" : {
		"x" : 513.749,
		"y" : 1100.46,
		"score" :0.675868
},
	"LeftKnee" : {
		"x" : 482.194,
		"y" : 1488.04,
		"score" :0.806143
},
	"LeftAnkle" : {
		"x" : 440.35,
		"y" : 1786.6,
		"score" :0.79963
},
	"RightEye" : {
		"x" : 351.504,
		"y" : 445.836,
		"score" :0.930983
},
	"LeftEye" : {
		"x" : 398.881,
		"y" : 440.465,
		"score" :0.939041
},
	"RightEar" : {
		"x" : 309.371,
		"y" : 471.842,
		"score" :0.925969
},
	"LeftEar" : {
		"x" : 445.667,
		"y" : 440.532,
		"score" :0.929243
},
	"LeftBigToe" : {
		"x" : 550.523,
		"y" : 1838.92,
		"score" :0.603652
},
	"LeftSmallToe" : {
		"x" : 540.038,
		"y" : 1818.17,
		"score" :0.609689
},
	"RightBigToe" : {
		"x" : 434.96,
		"y" : 1817.83,
		"score" :0.364596
},
	"RightSmallToe" : {
		"x" : 482.457,
		"y" : 1865.23,
		"score" :0.361144
},
	"RightHeel" : {
		"x" : 435.212,
		"y" : 1912.37,
		"score" :0.365678
},
	"Background" : {
		"x" : 356.493,
		"y" : 1865.46,
		"score" :0.670318
}
}
}