{
"predictions" : {
	"Nose" : {
		"x" : 676.061,
		"y" : 309.518,
		"score" :0.910171
},
	"Neck" : {
		"x" : 602.675,
		"y" : 524.122,
		"score" :0.877606
},
	"RightShoulder" : {
		"x" : 451.033,
		"y" : 503.395,
		"score" :0.721184
},
	"RightElbow" : {
		"x" : 377.698,
		"y" : 775.828,
		"score" :0.747626
},
	"RightWrist" : {
		"x" : 424.778,
		"y" : 1021.94,
		"score" :0.76638
},
	"LeftShoulder" : {
		"x" : 733.864,
		"y" : 545.254,
		"score" :0.830395
},
	"LeftElbow" : {
		"x" : 733.94,
		"y" : 822.989,
		"score" :0.635072
},
	"LeftWrist" : {
		"x" : 759.978,
		"y" : 1063.86,
		"score" :0.34549
},
	"MiddleHip" : {
		"x" : 607.875,
		"y" : 1069.08,
		"score" :0.616051
},
	"RightHip" : {
		"x" : 518.845,
		"y" : 1074.23,
		"score" :0.563709
},
	"RightKnee" : {
		"x" : 440.525,
		"y" : 1446.07,
		"score" :0.710594
},
	"RightAnkle" : {
		"x" : 356.516,
		"y" : 1865.16,
		"score" :0.665543
},
	"LeftHip" : {
		"x" : 692.116,
		"y" : 1069.08,
		"score" :0.60368
},
	"LeftKnee" : {
		"x" : 686.531,
		"y" : 1446.11,
		"score" :0.691787
},
	"LeftAnkle" : {
		"x" : 691.755,
		"y" : 1807.5,
		"score" :0.743471
},
	"RightEye" : {
		"x" : 634.331,
		"y" : 273.122,
		"score" :0.896361
},
	"LeftEye" : {
		"x" : 692.125,
		"y" : 278.246,
		"score" :0.900985
},
	"RightEar" : {
		"x" : 560.937,
		"y" : 314.875,
		"score" :0.950542
},
	"LeftEar" : {
		"x" : 723.385,
		"y" : 314.816,
		"score" :0.332667
},
	"LeftBigToe" : {
		"x" : 828.171,
		"y" : 1870.43,
		"score" :0.579791
},
	"LeftSmallToe" : {
		"x" : 828.162,
		"y" : 1860.12,
		"score" :0.623696
},
	"RightBigToe" : {
		"x" : 649.96,
		"y" : 1839,
		"score" :0.65044
},
	"RightSmallToe" : {
		"x" : 403.859,
		"y" : 1912.34,
		"score" :0.228973
},
	"RightHeel" : {
		"x" : 367.133,
		"y" : 1912.41,
		"score" :0.290054
},
	"Background" : {
		"x" : 341.008,
		"y" : 1912.39,
		"score" :0.404949
}
}
}