{
"predictions" : {
	"Nose" : {
		"x" : 561.098,
		"y" : 749.444,
		"score" :0.911255
},
	"Neck" : {
		"x" : 655.191,
		"y" : 854.313,
		"score" :0.902557
},
	"RightShoulder" : {
		"x" : 560.848,
		"y" : 854.055,
		"score" :0.857155
},
	"RightElbow" : {
		"x" : 560.807,
		"y" : 1042.83,
		"score" :0.78886
},
	"RightWrist" : {
		"x" : 518.779,
		"y" : 1220.86,
		"score" :0.87311
},
	"LeftShoulder" : {
		"x" : 765.12,
		"y" : 859.392,
		"score" :0.832668
},
	"LeftElbow" : {
		"x" : 864.674,
		"y" : 1026.96,
		"score" :0.92488
},
	"LeftWrist" : {
		"x" : 969.511,
		"y" : 1184.06,
		"score" :0.8353
},
	"MiddleHip" : {
		"x" : 644.971,
		"y" : 1220.93,
		"score" :0.783343
},
	"RightHip" : {
		"x" : 597.684,
		"y" : 1225.98,
		"score" :0.750817
},
	"RightKnee" : {
		"x" : 723.314,
		"y" : 1482.9,
		"score" :0.806065
},
	"RightAnkle" : {
		"x" : 838.606,
		"y" : 1733.99,
		"score" :0.815724
},
	"LeftHip" : {
		"x" : 697.094,
		"y" : 1220.82,
		"score" :0.722027
},
	"LeftKnee" : {
		"x" : 587.123,
		"y" : 1477.46,
		"score" :0.753592
},
	"LeftAnkle" : {
		"x" : 482.312,
		"y" : 1781.35,
		"score" :0.825741
},
	"RightEye" : {
		"x" : 550.546,
		"y" : 728.335,
		"score" :0.864801
},
	"LeftEye" : {
		"x" : 592.409,
		"y" : 728.336,
		"score" :0.892911
},
	"RightEar" : {
		"x" : 0,
		"y" : 0,
		"score" :0
},
	"LeftEar" : {
		"x" : 655.362,
		"y" : 728.752,
		"score" :0.925083
},
	"LeftBigToe" : {
		"x" : 367.175,
		"y" : 1817.94,
		"score" :0.787641
},
	"LeftSmallToe" : {
		"x" : 398.485,
		"y" : 1823.39,
		"score" :0.776829
},
	"RightBigToe" : {
		"x" : 492.863,
		"y" : 1823.24,
		"score" :0.734476
},
	"RightSmallToe" : {
		"x" : 770.336,
		"y" : 1776.14,
		"score" :0.680597
},
	"RightHeel" : {
		"x" : 775.702,
		"y" : 1770.91,
		"score" :0.627604
},
	"Background" : {
		"x" : 864.659,
		"y" : 1744.66,
		"score" :0.828588
}
}
}