{
"predictions" : {
	"Nose" : {
		"x" : 508.609,
		"y" : 524.17,
		"score" :0.922004
},
	"Neck" : {
		"x" : 477.175,
		"y" : 644.935,
		"score" :0.950409
},
	"RightShoulder" : {
		"x" : 372.376,
		"y" : 650.222,
		"score" :0.835073
},
	"RightElbow" : {
		"x" : 272.873,
		"y" : 786.303,
		"score" :0.864776
},
	"RightWrist" : {
		"x" : 178.381,
		"y" : 911.847,
		"score" :0.822369
},
	"LeftShoulder" : {
		"x" : 571.579,
		"y" : 634.378,
		"score" :0.833985
},
	"LeftElbow" : {
		"x" : 692.152,
		"y" : 739.229,
		"score" :0.842014
},
	"LeftWrist" : {
		"x" : 812.112,
		"y" : 895.874,
		"score" :0.908316
},
	"MiddleHip" : {
		"x" : 482.163,
		"y" : 980.158,
		"score" :0.821705
},
	"RightHip" : {
		"x" : 403.965,
		"y" : 985.333,
		"score" :0.765796
},
	"RightKnee" : {
		"x" : 398.441,
		"y" : 1226.15,
		"score" :0.857677
},
	"RightAnkle" : {
		"x" : 403.727,
		"y" : 1435.57,
		"score" :0.845576
},
	"LeftHip" : {
		"x" : 555.7,
		"y" : 980,
		"score" :0.764254
},
	"LeftKnee" : {
		"x" : 555.53,
		"y" : 1231.41,
		"score" :0.818885
},
	"LeftAnkle" : {
		"x" : 561.092,
		"y" : 1477.66,
		"score" :0.830331
},
	"RightEye" : {
		"x" : 477.206,
		"y" : 498.165,
		"score" :0.906382
},
	"LeftEye" : {
		"x" : 524.282,
		"y" : 498.204,
		"score" :0.899445
},
	"RightEar" : {
		"x" : 419.501,
		"y" : 508.497,
		"score" :0.815664
},
	"LeftEar" : {
		"x" : 0,
		"y" : 0,
		"score" :0
},
	"LeftBigToe" : {
		"x" : 518.837,
		"y" : 1545.59,
		"score" :0.839192
},
	"LeftSmallToe" : {
		"x" : 560.902,
		"y" : 1545.72,
		"score" :0.741381
},
	"RightBigToe" : {
		"x" : 571.462,
		"y" : 1498.5,
		"score" :0.554084
},
	"RightSmallToe" : {
		"x" : 361.877,
		"y" : 1488.07,
		"score" :0.85315
},
	"RightHeel" : {
		"x" : 341.017,
		"y" : 1477.52,
		"score" :0.817519
},
	"Background" : {
		"x" : 435.207,
		"y" : 1451.36,
		"score" :0.770146
}
}
}