{
"predictions" : {
	"Nose" : {
		"x" : 566.147,
		"y" : 597.584,
		"score" :0.913456
},
	"Neck" : {
		"x" : 508.496,
		"y" : 749.592,
		"score" :0.755118
},
	"RightShoulder" : {
		"x" : 319.953,
		"y" : 733.905,
		"score" :0.751144
},
	"RightElbow" : {
		"x" : 220.384,
		"y" : 948.619,
		"score" :0.756348
},
	"RightWrist" : {
		"x" : 435.14,
		"y" : 943.174,
		"score" :0.847475
},
	"LeftShoulder" : {
		"x" : 686.635,
		"y" : 770.204,
		"score" :0.803435
},
	"LeftElbow" : {
		"x" : 775.629,
		"y" : 969.48,
		"score" :0.803904
},
	"LeftWrist" : {
		"x" : 655.329,
		"y" : 1000.94,
		"score" :0.814795
},
	"MiddleHip" : {
		"x" : 482.286,
		"y" : 1315.12,
		"score" :0.614357
},
	"RightHip" : {
		"x" : 351.552,
		"y" : 1315.08,
		"score" :0.581714
},
	"RightKnee" : {
		"x" : 346.287,
		"y" : 1577.18,
		"score" :0.109556
},
	"RightAnkle" : {
		"x" : 0,
		"y" : 0,
		"score" :0
},
	"LeftHip" : {
		"x" : 603.065,
		"y" : 1315.24,
		"score" :0.596944
},
	"LeftKnee" : {
		"x" : 597.603,
		"y" : 1734.23,
		"score" :0.51814
},
	"LeftAnkle" : {
		"x" : 618.488,
		"y" : 1739.62,
		"score" :0.479926
},
	"RightEye" : {
		"x" : 482.658,
		"y" : 524.445,
		"score" :0.930385
},
	"LeftEye" : {
		"x" : 613.464,
		"y" : 519.143,
		"score" :0.926098
},
	"RightEar" : {
		"x" : 356.776,
		"y" : 555.687,
		"score" :0.901614
},
	"LeftEar" : {
		"x" : 681.354,
		"y" : 524.334,
		"score" :0.293519
},
	"LeftBigToe" : {
		"x" : 644.605,
		"y" : 1828.6,
		"score" :0.527785
},
	"LeftSmallToe" : {
		"x" : 665.682,
		"y" : 1817.84,
		"score" :0.523283
},
	"RightBigToe" : {
		"x" : 634.295,
		"y" : 1729.01,
		"score" :0.306519
},
	"RightSmallToe" : {
		"x" : 0,
		"y" : 0,
		"score" :0
},
	"RightHeel" : {
		"x" : 0,
		"y" : 0,
		"score" :0
},
	"Background" : {
		"x" : 0,
		"y" : 0,
		"score" :0
}
}
}