{
"predictions" : {
	"Nose" : {
		"x" : 728.406,
		"y" : 435.169,
		"score" :0.92912
},
	"Neck" : {
		"x" : 670.945,
		"y" : 576.62,
		"score" :0.796975
},
	"RightShoulder" : {
		"x" : 513.81,
		"y" : 576.65,
		"score" :0.745275
},
	"RightElbow" : {
		"x" : 377.593,
		"y" : 796.606,
		"score" :0.69491
},
	"RightWrist" : {
		"x" : 346.11,
		"y" : 995.754,
		"score" :0.805238
},
	"LeftShoulder" : {
		"x" : 822.929,
		"y" : 571.489,
		"score" :0.771336
},
	"LeftElbow" : {
		"x" : 896.049,
		"y" : 801.829,
		"score" :0.788588
},
	"LeftWrist" : {
		"x" : 943.107,
		"y" : 980.021,
		"score" :0.871883
},
	"MiddleHip" : {
		"x" : 649.828,
		"y" : 1027.31,
		"score" :0.733724
},
	"RightHip" : {
		"x" : 524.463,
		"y" : 1032.39,
		"score" :0.694317
},
	"RightKnee" : {
		"x" : 471.873,
		"y" : 1362.51,
		"score" :0.77782
},
	"RightAnkle" : {
		"x" : 315.062,
		"y" : 1592.88,
		"score" :0.738383
},
	"LeftHip" : {
		"x" : 770.243,
		"y" : 1032.32,
		"score" :0.7103
},
	"LeftKnee" : {
		"x" : 822.981,
		"y" : 1331.04,
		"score" :0.725791
},
	"LeftAnkle" : {
		"x" : 744.23,
		"y" : 1571.79,
		"score" :0.690871
},
	"RightEye" : {
		"x" : 686.775,
		"y" : 398.559,
		"score" :0.952875
},
	"LeftEye" : {
		"x" : 749.504,
		"y" : 398.581,
		"score" :0.885369
},
	"RightEar" : {
		"x" : 613.528,
		"y" : 403.8,
		"score" :0.82633
},
	"LeftEar" : {
		"x" : 775.749,
		"y" : 398.543,
		"score" :0.153771
},
	"LeftBigToe" : {
		"x" : 854.104,
		"y" : 1650.24,
		"score" :0.536568
},
	"LeftSmallToe" : {
		"x" : 859.748,
		"y" : 1624.28,
		"score" :0.590915
},
	"RightBigToe" : {
		"x" : 697.148,
		"y" : 1613.78,
		"score" :0.550308
},
	"RightSmallToe" : {
		"x" : 361.946,
		"y" : 1692.33,
		"score" :0.75122
},
	"RightHeel" : {
		"x" : 309.587,
		"y" : 1687.06,
		"score" :0.721325
},
	"Background" : {
		"x" : 283.365,
		"y" : 1603.29,
		"score" :0.452056
}
}
}