{
    "predictions": {
        "Nose": {
            "x": 272.815887,
            "y": 147.337692,
            "score": 0.973428
        },
        "Neck": {
            "x": 313.747247,
            "y": 288.700305,
            "score": 0.815509
        },
        "RightShoulder": {
            "x": 157.647675,
            "y": 356.885101,
            "score": 0.713379
        },
        "RightElbow": {
            "x": 100.241447,
            "y": 623.831726,
            "score": 0.826191
        },
        "RightWrist": {
            "x": 147.051498,
            "y": 408.971985,
            "score": 0.769423
        },
        "LeftShoulder": {
            "x": 518.823608,
            "y": 398.598114,
            "score": 0.826294
        },
        "LeftElbow": {
            "x": 566.068481,
            "y": 670.881165,
            "score": 0.787554
        },
        "LeftWrist": {
            "x": 529.669312,
            "y": 849.001465,
            "score": 0.832548
        },
        "MiddleHip": {
            "x": 293.847778,
            "y": 927.656921,
            "score": 0.645277
        },
        "RightHip": {
            "x": 189.055389,
            "y": 911.860352,
            "score": 0.647494
        },
        "RightKnee": {
            "x": 231.173355,
            "y": 1273.130371,
            "score": 0.836223
        },
        "RightAnkle": {
            "x": 346.179169,
            "y": 1718.564819,
            "score": 0.721056
        },
        "LeftHip": {
            "x": 393.503967,
            "y": 943.189026,
            "score": 0.669713
        },
        "LeftKnee": {
            "x": 314.739044,
            "y": 1320.458618,
            "score": 0.703861
        },
        "LeftAnkle": {
            "x": 225.678375,
            "y": 1666.127686,
            "score": 0.769559
        },
        "RightEye": {
            "x": 252.022934,
            "y": 131.355667,
            "score": 0.853232
        },
        "LeftEye": {
            "x": 314.557343,
            "y": 115.860748,
            "score": 0.917750
        },
        "RightEar": {
            "x": 0.000000,
            "y": 0.000000,
            "score": 0.000000
        },
        "LeftEar": {
            "x": 393.417938,
            "y": 147.159439,
            "score": 0.963549
        },
        "LeftBigToe": {
            "x": 257.172424,
            "y": 1776.326782,
            "score": 0.601041
        },
        "LeftSmallToe": {
            "x": 272.837067,
            "y": 1770.797485,
            "score": 0.645471
        },
        "RightBigToe": {
            "x": 188.921616,
            "y": 1697.613525,
            "score": 0.643555
        },
        "RightSmallToe": {
            "x": 419.576874,
            "y": 1817.816284,
            "score": 0.646754
        },
        "RightHeel": {
            "x": 362.052795,
            "y": 1817.901855,
            "score": 0.610029
        },
        "Background": {
            "x": 335.685211,
            "y": 1755.208374,
            "score": 0.589797
        }
    }
}