{
"predictions" : {
	"Nose" : {
		"x" : 356.901,
		"y" : 403.871,
		"score" :0.804331
},
	"Neck" : {
		"x" : 398.494,
		"y" : 403.827,
		"score" :0.897391
},
	"RightShoulder" : {
		"x" : 267.646,
		"y" : 424.815,
		"score" :0.839525
},
	"RightElbow" : {
		"x" : 225.866,
		"y" : 555.805,
		"score" :0.843207
},
	"RightWrist" : {
		"x" : 215.258,
		"y" : 686.84,
		"score" :0.89827
},
	"LeftShoulder" : {
		"x" : 519.174,
		"y" : 393.38,
		"score" :0.852758
},
	"LeftElbow" : {
		"x" : 639.609,
		"y" : 513.647,
		"score" :0.854484
},
	"LeftWrist" : {
		"x" : 723.13,
		"y" : 644.779,
		"score" :0.851055
},
	"MiddleHip" : {
		"x" : 466.546,
		"y" : 686.448,
		"score" :0.750193
},
	"RightHip" : {
		"x" : 393.097,
		"y" : 692.057,
		"score" :0.76212
},
	"RightKnee" : {
		"x" : 387.957,
		"y" : 938.118,
		"score" :0.760611
},
	"RightAnkle" : {
		"x" : 382.725,
		"y" : 1194.93,
		"score" :0.739403
},
	"LeftHip" : {
		"x" : 534.846,
		"y" : 665.727,
		"score" :0.700997
},
	"LeftKnee" : {
		"x" : 634.36,
		"y" : 896.195,
		"score" :0.791532
},
	"LeftAnkle" : {
		"x" : 707.525,
		"y" : 1126.68,
		"score" :0.72378
},
	"RightEye" : {
		"x" : 346.121,
		"y" : 393.208,
		"score" :0.730573
},
	"LeftEye" : {
		"x" : 388.143,
		"y" : 393.051,
		"score" :0.772904
},
	"RightEar" : {
		"x" : 314.545,
		"y" : 356.809,
		"score" :0.242907
},
	"LeftEar" : {
		"x" : 435.101,
		"y" : 351.646,
		"score" :0.841423
},
	"LeftBigToe" : {
		"x" : 728.76,
		"y" : 1168.55,
		"score" :0.398323
},
	"LeftSmallToe" : {
		"x" : 754.799,
		"y" : 1152.79,
		"score" :0.399362
},
	"RightBigToe" : {
		"x" : 692.161,
		"y" : 1163.34,
		"score" :0.670604
},
	"RightSmallToe" : {
		"x" : 288.504,
		"y" : 1168.48,
		"score" :0.396778
},
	"RightHeel" : {
		"x" : 298.966,
		"y" : 1163.28,
		"score" :0.388495
},
	"Background" : {
		"x" : 398.421,
		"y" : 1236.81,
		"score" :0.757001
}
}
}