{
"predictions" : {
	"Nose" : {
		"x" : 561.084,
		"y" : 424.78,
		"score" :0.910576
},
	"Neck" : {
		"x" : 608.139,
		"y" : 476.927,
		"score" :0.906049
},
	"RightShoulder" : {
		"x" : 456.256,
		"y" : 492.806,
		"score" :0.781864
},
	"RightElbow" : {
		"x" : 398.887,
		"y" : 775.837,
		"score" :0.899867
},
	"RightWrist" : {
		"x" : 319.925,
		"y" : 681.516,
		"score" :0.884236
},
	"LeftShoulder" : {
		"x" : 765.238,
		"y" : 440.641,
		"score" :0.838034
},
	"LeftElbow" : {
		"x" : 812.559,
		"y" : 691.763,
		"score" :0.771054
},
	"LeftWrist" : {
		"x" : 854.403,
		"y" : 927.499,
		"score" :0.786268
},
	"MiddleHip" : {
		"x" : 649.847,
		"y" : 885.627,
		"score" :0.597061
},
	"RightHip" : {
		"x" : 560.931,
		"y" : 885.676,
		"score" :0.595816
},
	"RightKnee" : {
		"x" : 534.806,
		"y" : 1325.76,
		"score" :0.729588
},
	"RightAnkle" : {
		"x" : 482.206,
		"y" : 1729.06,
		"score" :0.827342
},
	"LeftHip" : {
		"x" : 733.878,
		"y" : 875.232,
		"score" :0.545632
},
	"LeftKnee" : {
		"x" : 655.425,
		"y" : 1341.3,
		"score" :0.726678
},
	"LeftAnkle" : {
		"x" : 571.484,
		"y" : 1692.49,
		"score" :0.754462
},
	"RightEye" : {
		"x" : 524.443,
		"y" : 393.437,
		"score" :0.89416
},
	"LeftEye" : {
		"x" : 587.226,
		"y" : 388.088,
		"score" :0.853349
},
	"RightEar" : {
		"x" : 482.369,
		"y" : 362.066,
		"score" :0.17597
},
	"LeftEar" : {
		"x" : 649.889,
		"y" : 335.679,
		"score" :0.751262
},
	"LeftBigToe" : {
		"x" : 597.625,
		"y" : 1818.06,
		"score" :0.606237
},
	"LeftSmallToe" : {
		"x" : 618.639,
		"y" : 1802.39,
		"score" :0.631787
},
	"RightBigToe" : {
		"x" : 560.824,
		"y" : 1708.1,
		"score" :0.489853
},
	"RightSmallToe" : {
		"x" : 566.075,
		"y" : 1823.4,
		"score" :0.768067
},
	"RightHeel" : {
		"x" : 519.023,
		"y" : 1823.45,
		"score" :0.66142
},
	"Background" : {
		"x" : 466.689,
		"y" : 1744.86,
		"score" :0.676941
}
}
}