{
"predictions" : {
	"Nose" : {
		"x" : 519.185,
		"y" : 408.993,
		"score" :0.924897
},
	"Neck" : {
		"x" : 566.352,
		"y" : 524.584,
		"score" :0.913685
},
	"RightShoulder" : {
		"x" : 461.335,
		"y" : 524.245,
		"score" :0.846636
},
	"RightElbow" : {
		"x" : 466.659,
		"y" : 660.547,
		"score" :0.507718
},
	"RightWrist" : {
		"x" : 513.728,
		"y" : 734.017,
		"score" :0.855747
},
	"LeftShoulder" : {
		"x" : 686.464,
		"y" : 529.723,
		"score" :0.856552
},
	"LeftElbow" : {
		"x" : 655.374,
		"y" : 712.792,
		"score" :0.834317
},
	"LeftWrist" : {
		"x" : 518.817,
		"y" : 602.998,
		"score" :0.919534
},
	"MiddleHip" : {
		"x" : 576.737,
		"y" : 922.415,
		"score" :0.691308
},
	"RightHip" : {
		"x" : 492.908,
		"y" : 932.678,
		"score" :0.679358
},
	"RightKnee" : {
		"x" : 466.679,
		"y" : 1194.73,
		"score" :0.795668
},
	"RightAnkle" : {
		"x" : 435.347,
		"y" : 1487.98,
		"score" :0.834887
},
	"LeftHip" : {
		"x" : 660.56,
		"y" : 917.135,
		"score" :0.672004
},
	"LeftKnee" : {
		"x" : 781.134,
		"y" : 1231.17,
		"score" :0.747179
},
	"LeftAnkle" : {
		"x" : 906.576,
		"y" : 1482.71,
		"score" :0.821502
},
	"RightEye" : {
		"x" : 508.488,
		"y" : 393.27,
		"score" :0.914835
},
	"LeftEye" : {
		"x" : 550.478,
		"y" : 393.322,
		"score" :0.907201
},
	"RightEar" : {
		"x" : 0,
		"y" : 0,
		"score" :0
},
	"LeftEar" : {
		"x" : 607.918,
		"y" : 398.839,
		"score" :0.952426
},
	"LeftBigToe" : {
		"x" : 938.266,
		"y" : 1561.18,
		"score" :0.853501
},
	"LeftSmallToe" : {
		"x" : 979.717,
		"y" : 1530.22,
		"score" :0.917111
},
	"RightBigToe" : {
		"x" : 901.403,
		"y" : 1508.97,
		"score" :0.627085
},
	"RightSmallToe" : {
		"x" : 356.501,
		"y" : 1540.4,
		"score" :0.724025
},
	"RightHeel" : {
		"x" : 346.177,
		"y" : 1529.76,
		"score" :0.773169
},
	"Background" : {
		"x" : 466.733,
		"y" : 1524.94,
		"score" :0.749312
}
}
}