{
"predictions" : {
	"Nose" : {
		"x" : 728.689,
		"y" : 697.048,
		"score" :0.939862
},
	"Neck" : {
		"x" : 681.438,
		"y" : 854.336,
		"score" :0.8989
},
	"RightShoulder" : {
		"x" : 592.363,
		"y" : 817.637,
		"score" :0.86649
},
	"RightElbow" : {
		"x" : 634.24,
		"y" : 728.263,
		"score" :0.853055
},
	"RightWrist" : {
		"x" : 681.525,
		"y" : 597.676,
		"score" :0.887251
},
	"LeftShoulder" : {
		"x" : 770.42,
		"y" : 895.883,
		"score" :0.897469
},
	"LeftElbow" : {
		"x" : 917.171,
		"y" : 843.868,
		"score" :0.840403
},
	"LeftWrist" : {
		"x" : 974.537,
		"y" : 702.426,
		"score" :0.851181
},
	"MiddleHip" : {
		"x" : 524.466,
		"y" : 1179.08,
		"score" :0.753236
},
	"RightHip" : {
		"x" : 461.333,
		"y" : 1153,
		"score" :0.682914
},
	"RightKnee" : {
		"x" : 419.523,
		"y" : 1451.34,
		"score" :0.834427
},
	"RightAnkle" : {
		"x" : 361.806,
		"y" : 1728.9,
		"score" :0.862114
},
	"LeftHip" : {
		"x" : 602.848,
		"y" : 1194.65,
		"score" :0.767813
},
	"LeftKnee" : {
		"x" : 623.747,
		"y" : 1482.52,
		"score" :0.844262
},
	"LeftAnkle" : {
		"x" : 686.546,
		"y" : 1781.62,
		"score" :0.841847
},
	"RightEye" : {
		"x" : 707.617,
		"y" : 691.659,
		"score" :0.895433
},
	"LeftEye" : {
		"x" : 749.519,
		"y" : 692.056,
		"score" :0.8857
},
	"RightEar" : {
		"x" : 660.538,
		"y" : 733.804,
		"score" :0.693137
},
	"LeftEar" : {
		"x" : 770.605,
		"y" : 765.11,
		"score" :0.88178
},
	"LeftBigToe" : {
		"x" : 733.751,
		"y" : 1844.25,
		"score" :0.793747
},
	"LeftSmallToe" : {
		"x" : 765.137,
		"y" : 1823.3,
		"score" :0.867725
},
	"RightBigToe" : {
		"x" : 660.388,
		"y" : 1823.25,
		"score" :0.792418
},
	"RightSmallToe" : {
		"x" : 351.529,
		"y" : 1828.62,
		"score" :0.863144
},
	"RightHeel" : {
		"x" : 314.845,
		"y" : 1818.15,
		"score" :0.838442
},
	"Background" : {
		"x" : 382.912,
		"y" : 1734.41,
		"score" :0.694754
}
}
}