{
"predictions" : {
	"Nose" : {
		"x" : 545.265,
		"y" : 152.603,
		"score" :0.864649
},
	"Neck" : {
		"x" : 660.51,
		"y" : 351.446,
		"score" :0.839038
},
	"RightShoulder" : {
		"x" : 477.011,
		"y" : 351.316,
		"score" :0.821935
},
	"RightElbow" : {
		"x" : 361.833,
		"y" : 566.042,
		"score" :0.730488
},
	"RightWrist" : {
		"x" : 236.185,
		"y" : 529.472,
		"score" :0.731048
},
	"LeftShoulder" : {
		"x" : 854.026,
		"y" : 351.473,
		"score" :0.777709
},
	"LeftElbow" : {
		"x" : 990.577,
		"y" : 545.198,
		"score" :0.658663
},
	"LeftWrist" : {
		"x" : 995.63,
		"y" : 602.718,
		"score" :0.714728
},
	"MiddleHip" : {
		"x" : 686.487,
		"y" : 943.422,
		"score" :0.586929
},
	"RightHip" : {
		"x" : 566.08,
		"y" : 948.49,
		"score" :0.596878
},
	"RightKnee" : {
		"x" : 602.605,
		"y" : 1393.68,
		"score" :0.694788
},
	"RightAnkle" : {
		"x" : 639.346,
		"y" : 1797.09,
		"score" :0.634092
},
	"LeftHip" : {
		"x" : 807.092,
		"y" : 943.381,
		"score" :0.566316
},
	"LeftKnee" : {
		"x" : 806.926,
		"y" : 1393.82,
		"score" :0.642164
},
	"LeftAnkle" : {
		"x" : 796.632,
		"y" : 1839.02,
		"score" :0.602589
},
	"RightEye" : {
		"x" : 524.541,
		"y" : 126.13,
		"score" :0.874059
},
	"LeftEye" : {
		"x" : 597.57,
		"y" : 126.258,
		"score" :0.885468
},
	"RightEar" : {
		"x" : 0,
		"y" : 0,
		"score" :0
},
	"LeftEar" : {
		"x" : 686.883,
		"y" : 152.557,
		"score" :0.922912
},
	"LeftBigToe" : {
		"x" : 739.076,
		"y" : 1870.63,
		"score" :0.264372
},
	"LeftSmallToe" : {
		"x" : 801.922,
		"y" : 1912.37,
		"score" :0.299393
},
	"RightBigToe" : {
		"x" : 807.183,
		"y" : 1864.97,
		"score" :0.378444
},
	"RightSmallToe" : {
		"x" : 592.355,
		"y" : 1865.46,
		"score" :0.348265
},
	"RightHeel" : {
		"x" : 560.966,
		"y" : 1860.09,
		"score" :0.482928
},
	"Background" : {
		"x" : 676.259,
		"y" : 1828.66,
		"score" :0.474678
}
}
}