{
"predictions" : {
	"Nose" : {
		"x" : 429.912,
		"y" : 529.595,
		"score" :0.901807
},
	"Neck" : {
		"x" : 440.284,
		"y" : 649.781,
		"score" :0.932814
},
	"RightShoulder" : {
		"x" : 335.81,
		"y" : 639.47,
		"score" :0.808209
},
	"RightElbow" : {
		"x" : 184.002,
		"y" : 733.635,
		"score" :0.906154
},
	"RightWrist" : {
		"x" : 236.266,
		"y" : 681.409,
		"score" :0.780134
},
	"LeftShoulder" : {
		"x" : 545.182,
		"y" : 655.288,
		"score" :0.810709
},
	"LeftElbow" : {
		"x" : 681.399,
		"y" : 665.688,
		"score" :0.798524
},
	"LeftWrist" : {
		"x" : 806.982,
		"y" : 592.403,
		"score" :0.776813
},
	"MiddleHip" : {
		"x" : 434.959,
		"y" : 985.384,
		"score" :0.795814
},
	"RightHip" : {
		"x" : 356.949,
		"y" : 985.242,
		"score" :0.76897
},
	"RightKnee" : {
		"x" : 393.064,
		"y" : 1236.88,
		"score" :0.834747
},
	"RightAnkle" : {
		"x" : 393.241,
		"y" : 1488.3,
		"score" :0.876874
},
	"LeftHip" : {
		"x" : 482.663,
		"y" : 990.539,
		"score" :0.767884
},
	"LeftKnee" : {
		"x" : 482.534,
		"y" : 1236.53,
		"score" :0.873197
},
	"LeftAnkle" : {
		"x" : 440.584,
		"y" : 1446.06,
		"score" :0.895076
},
	"RightEye" : {
		"x" : 403.875,
		"y" : 519.022,
		"score" :0.9376
},
	"LeftEye" : {
		"x" : 440.785,
		"y" : 519.118,
		"score" :0.943589
},
	"RightEar" : {
		"x" : 388.197,
		"y" : 529.534,
		"score" :0.142653
},
	"LeftEar" : {
		"x" : 482.699,
		"y" : 540.059,
		"score" :0.864645
},
	"LeftBigToe" : {
		"x" : 508.455,
		"y" : 1488.05,
		"score" :0.827099
},
	"LeftSmallToe" : {
		"x" : 513.732,
		"y" : 1477.59,
		"score" :0.850708
},
	"RightBigToe" : {
		"x" : 435.103,
		"y" : 1461.82,
		"score" :0.58153
},
	"RightSmallToe" : {
		"x" : 466.584,
		"y" : 1535.2,
		"score" :0.796488
},
	"RightHeel" : {
		"x" : 430.087,
		"y" : 1550.89,
		"score" :0.741698
},
	"Background" : {
		"x" : 372.399,
		"y" : 1519.33,
		"score" :0.762042
}
}
}