{
"predictions" : {
	"Nose" : {
		"x" : 718.093,
		"y" : 477.099,
		"score" :0.905599
},
	"Neck" : {
		"x" : 681.4,
		"y" : 561.092,
		"score" :0.874337
},
	"RightShoulder" : {
		"x" : 566.034,
		"y" : 566.122,
		"score" :0.822813
},
	"RightElbow" : {
		"x" : 566.092,
		"y" : 356.851,
		"score" :0.771185
},
	"RightWrist" : {
		"x" : 513.674,
		"y" : 299.084,
		"score" :0.20888
},
	"LeftShoulder" : {
		"x" : 781.078,
		"y" : 560.766,
		"score" :0.81159
},
	"LeftElbow" : {
		"x" : 822.899,
		"y" : 325.249,
		"score" :0.850339
},
	"LeftWrist" : {
		"x" : 676.101,
		"y" : 147.2,
		"score" :0.68481
},
	"MiddleHip" : {
		"x" : 571.502,
		"y" : 995.651,
		"score" :0.719289
},
	"RightHip" : {
		"x" : 503.253,
		"y" : 985.107,
		"score" :0.676824
},
	"RightKnee" : {
		"x" : 566.203,
		"y" : 1309.99,
		"score" :0.84676
},
	"RightAnkle" : {
		"x" : 639.611,
		"y" : 1687.08,
		"score" :0.79387
},
	"LeftHip" : {
		"x" : 649.766,
		"y" : 1011.43,
		"score" :0.723728
},
	"LeftKnee" : {
		"x" : 560.958,
		"y" : 1315,
		"score" :0.848446
},
	"LeftAnkle" : {
		"x" : 492.963,
		"y" : 1702.9,
		"score" :0.722686
},
	"RightEye" : {
		"x" : 681.377,
		"y" : 440.697,
		"score" :0.916019
},
	"LeftEye" : {
		"x" : 734.093,
		"y" : 440.525,
		"score" :0.956533
},
	"RightEar" : {
		"x" : 608.252,
		"y" : 461.325,
		"score" :0.868132
},
	"LeftEar" : {
		"x" : 770.422,
		"y" : 450.896,
		"score" :0.224221
},
	"LeftBigToe" : {
		"x" : 545.151,
		"y" : 1781.66,
		"score" :0.617441
},
	"LeftSmallToe" : {
		"x" : 566.388,
		"y" : 1776.12,
		"score" :0.756591
},
	"RightBigToe" : {
		"x" : 471.905,
		"y" : 1739.64,
		"score" :0.735152
},
	"RightSmallToe" : {
		"x" : 639.621,
		"y" : 1776.18,
		"score" :0.636677
},
	"RightHeel" : {
		"x" : 607.931,
		"y" : 1770.87,
		"score" :0.625115
},
	"Background" : {
		"x" : 650.116,
		"y" : 1702.93,
		"score" :0.634842
}
}
}