{
"predictions" : {
	"Nose" : {
		"x" : 519.219,
		"y" : 367.268,
		"score" :0.903278
},
	"Neck" : {
		"x" : 471.955,
		"y" : 482.507,
		"score" :0.872159
},
	"RightShoulder" : {
		"x" : 320.137,
		"y" : 487.712,
		"score" :0.770343
},
	"RightElbow" : {
		"x" : 225.723,
		"y" : 676.232,
		"score" :0.812123
},
	"RightWrist" : {
		"x" : 220.383,
		"y" : 838.605,
		"score" :0.770499
},
	"LeftShoulder" : {
		"x" : 608.122,
		"y" : 477.198,
		"score" :0.873222
},
	"LeftElbow" : {
		"x" : 707.598,
		"y" : 644.913,
		"score" :0.820859
},
	"LeftWrist" : {
		"x" : 754.731,
		"y" : 823.008,
		"score" :0.756423
},
	"MiddleHip" : {
		"x" : 482.649,
		"y" : 943.458,
		"score" :0.687002
},
	"RightHip" : {
		"x" : 393.562,
		"y" : 958.983,
		"score" :0.660143
},
	"RightKnee" : {
		"x" : 419.494,
		"y" : 1278.61,
		"score" :0.740174
},
	"RightAnkle" : {
		"x" : 393.411,
		"y" : 1577.14,
		"score" :0.733748
},
	"LeftHip" : {
		"x" : 576.706,
		"y" : 943.182,
		"score" :0.631747
},
	"LeftKnee" : {
		"x" : 597.7,
		"y" : 1236.86,
		"score" :0.787531
},
	"LeftAnkle" : {
		"x" : 602.621,
		"y" : 1566.75,
		"score" :0.735549
},
	"RightEye" : {
		"x" : 482.54,
		"y" : 351.555,
		"score" :0.920992
},
	"LeftEye" : {
		"x" : 529.45,
		"y" : 351.203,
		"score" :0.912435
},
	"RightEar" : {
		"x" : 419.433,
		"y" : 356.904,
		"score" :0.856449
},
	"LeftEar" : {
		"x" : 0,
		"y" : 0,
		"score" :0
},
	"LeftBigToe" : {
		"x" : 644.579,
		"y" : 1639.87,
		"score" :0.619153
},
	"LeftSmallToe" : {
		"x" : 676.219,
		"y" : 1624.15,
		"score" :0.674449
},
	"RightBigToe" : {
		"x" : 566.165,
		"y" : 1613.76,
		"score" :0.654415
},
	"RightSmallToe" : {
		"x" : 424.841,
		"y" : 1666.12,
		"score" :0.686264
},
	"RightHeel" : {
		"x" : 372.363,
		"y" : 1655.86,
		"score" :0.685586
},
	"Background" : {
		"x" : 393.378,
		"y" : 1608.39,
		"score" :0.413255
}
}
}