{
"predictions" : {
	"Nose" : {
		"x" : 686.908,
		"y" : 246.731,
		"score" :0.869124
},
	"Neck" : {
		"x" : 728.444,
		"y" : 477.323,
		"score" :0.907438
},
	"RightShoulder" : {
		"x" : 550.514,
		"y" : 482.533,
		"score" :0.842784
},
	"RightElbow" : {
		"x" : 518.963,
		"y" : 770.229,
		"score" :0.825249
},
	"RightWrist" : {
		"x" : 524.554,
		"y" : 1016.55,
		"score" :0.702658
},
	"LeftShoulder" : {
		"x" : 901.561,
		"y" : 477.167,
		"score" :0.811647
},
	"LeftElbow" : {
		"x" : 979.729,
		"y" : 806.956,
		"score" :0.76536
},
	"LeftWrist" : {
		"x" : 906.725,
		"y" : 1074.41,
		"score" :0.787232
},
	"MiddleHip" : {
		"x" : 718.043,
		"y" : 1027.12,
		"score" :0.654867
},
	"RightHip" : {
		"x" : 608.28,
		"y" : 1027.08,
		"score" :0.628547
},
	"RightKnee" : {
		"x" : 566.355,
		"y" : 1362.16,
		"score" :0.843831
},
	"RightAnkle" : {
		"x" : 529.632,
		"y" : 1645.08,
		"score" :0.786574
},
	"LeftHip" : {
		"x" : 817.532,
		"y" : 1027.28,
		"score" :0.615094
},
	"LeftKnee" : {
		"x" : 864.905,
		"y" : 1362.48,
		"score" :0.576123
},
	"LeftAnkle" : {
		"x" : 895.955,
		"y" : 1660.95,
		"score" :0.764674
},
	"RightEye" : {
		"x" : 650.001,
		"y" : 204.683,
		"score" :0.873702
},
	"LeftEye" : {
		"x" : 733.627,
		"y" : 204.783,
		"score" :0.889581
},
	"RightEar" : {
		"x" : 602.617,
		"y" : 225.573,
		"score" :0.849679
},
	"LeftEar" : {
		"x" : 786.177,
		"y" : 231.13,
		"score" :0.80627
},
	"LeftBigToe" : {
		"x" : 890.835,
		"y" : 1812.78,
		"score" :0.67231
},
	"LeftSmallToe" : {
		"x" : 927.492,
		"y" : 1791.83,
		"score" :0.611644
},
	"RightBigToe" : {
		"x" : 875.262,
		"y" : 1687,
		"score" :0.497935
},
	"RightSmallToe" : {
		"x" : 482.246,
		"y" : 1755.17,
		"score" :0.765031
},
	"RightHeel" : {
		"x" : 456.188,
		"y" : 1734.38,
		"score" :0.742545
},
	"Background" : {
		"x" : 555.738,
		"y" : 1655.89,
		"score" :0.652935
}
}
}