{
"predictions" : {
	"Nose" : {
		"x" : 518.79,
		"y" : 456.127,
		"score" :0.884458
},
	"Neck" : {
		"x" : 519.012,
		"y" : 566.208,
		"score" :0.957522
},
	"RightShoulder" : {
		"x" : 414.289,
		"y" : 566.436,
		"score" :0.842868
},
	"RightElbow" : {
		"x" : 356.578,
		"y" : 754.677,
		"score" :0.912932
},
	"RightWrist" : {
		"x" : 362.021,
		"y" : 901.688,
		"score" :0.90487
},
	"LeftShoulder" : {
		"x" : 618.609,
		"y" : 566.003,
		"score" :0.878272
},
	"LeftElbow" : {
		"x" : 650.295,
		"y" : 744.369,
		"score" :0.868399
},
	"LeftWrist" : {
		"x" : 550.478,
		"y" : 812.521,
		"score" :0.898057
},
	"MiddleHip" : {
		"x" : 518.988,
		"y" : 896.015,
		"score" :0.858409
},
	"RightHip" : {
		"x" : 445.682,
		"y" : 896.21,
		"score" :0.813237
},
	"RightKnee" : {
		"x" : 519.013,
		"y" : 1110.79,
		"score" :0.943915
},
	"RightAnkle" : {
		"x" : 524.089,
		"y" : 1362.32,
		"score" :0.811977
},
	"LeftHip" : {
		"x" : 576.571,
		"y" : 890.929,
		"score" :0.784127
},
	"LeftKnee" : {
		"x" : 608.15,
		"y" : 1126.61,
		"score" :0.840005
},
	"LeftAnkle" : {
		"x" : 508.663,
		"y" : 1310.06,
		"score" :0.700035
},
	"RightEye" : {
		"x" : 482.654,
		"y" : 440.262,
		"score" :0.961325
},
	"LeftEye" : {
		"x" : 524.594,
		"y" : 435.23,
		"score" :0.935804
},
	"RightEar" : {
		"x" : 466.539,
		"y" : 445.736,
		"score" :0.860265
},
	"LeftEar" : {
		"x" : 565.992,
		"y" : 440.347,
		"score" :0.929395
},
	"LeftBigToe" : {
		"x" : 566.128,
		"y" : 1367.7,
		"score" :0.224281
},
	"LeftSmallToe" : {
		"x" : 0,
		"y" : 0,
		"score" :0
},
	"RightBigToe" : {
		"x" : 476.906,
		"y" : 1320.59,
		"score" :0.417189
},
	"RightSmallToe" : {
		"x" : 602.719,
		"y" : 1399.05,
		"score" :0.768202
},
	"RightHeel" : {
		"x" : 560.99,
		"y" : 1404.41,
		"score" :0.676529
},
	"Background" : {
		"x" : 498.092,
		"y" : 1398.81,
		"score" :0.652682
}
}
}