{
"predictions" : {
	"Nose" : {
		"x" : 723.156,
		"y" : 278.259,
		"score" :0.879472
},
	"Neck" : {
		"x" : 697.279,
		"y" : 393.44,
		"score" :0.913973
},
	"RightShoulder" : {
		"x" : 571.621,
		"y" : 393.555,
		"score" :0.81379
},
	"RightElbow" : {
		"x" : 466.723,
		"y" : 576.704,
		"score" :0.80804
},
	"RightWrist" : {
		"x" : 430.029,
		"y" : 801.891,
		"score" :0.863364
},
	"LeftShoulder" : {
		"x" : 822.788,
		"y" : 393.156,
		"score" :0.899212
},
	"LeftElbow" : {
		"x" : 817.562,
		"y" : 561.073,
		"score" :0.932977
},
	"LeftWrist" : {
		"x" : 848.837,
		"y" : 629.001,
		"score" :0.822193
},
	"MiddleHip" : {
		"x" : 681.355,
		"y" : 817.534,
		"score" :0.75003
},
	"RightHip" : {
		"x" : 613.255,
		"y" : 817.479,
		"score" :0.716858
},
	"RightKnee" : {
		"x" : 692.169,
		"y" : 1137.11,
		"score" :0.827875
},
	"RightAnkle" : {
		"x" : 608.017,
		"y" : 1467.18,
		"score" :0.795175
},
	"LeftHip" : {
		"x" : 733.816,
		"y" : 817.587,
		"score" :0.746024
},
	"LeftKnee" : {
		"x" : 639.5,
		"y" : 1137.03,
		"score" :0.77489
},
	"LeftAnkle" : {
		"x" : 534.883,
		"y" : 1482.71,
		"score" :0.730455
},
	"RightEye" : {
		"x" : 691.986,
		"y" : 252.01,
		"score" :0.882493
},
	"LeftEye" : {
		"x" : 744.36,
		"y" : 267.334,
		"score" :0.87937
},
	"RightEar" : {
		"x" : 660.427,
		"y" : 231.04,
		"score" :0.816876
},
	"LeftEar" : {
		"x" : 786.273,
		"y" : 262.309,
		"score" :0.860846
},
	"LeftBigToe" : {
		"x" : 592.441,
		"y" : 1561.41,
		"score" :0.18486
},
	"LeftSmallToe" : {
		"x" : 0,
		"y" : 0,
		"score" :0
},
	"RightBigToe" : {
		"x" : 508.436,
		"y" : 1509.06,
		"score" :0.75736
},
	"RightSmallToe" : {
		"x" : 686.764,
		"y" : 1582.32,
		"score" :0.754265
},
	"RightHeel" : {
		"x" : 649.928,
		"y" : 1582.28,
		"score" :0.725129
},
	"Background" : {
		"x" : 587.111,
		"y" : 1493.34,
		"score" :0.515714
}
}
}