{
"predictions" : {
	"Nose" : {
		"x" : 597.662,
		"y" : 257.013,
		"score" :0.863134
},
	"Neck" : {
		"x" : 613.328,
		"y" : 524.393,
		"score" :0.774527
},
	"RightShoulder" : {
		"x" : 424.715,
		"y" : 513.818,
		"score" :0.707395
},
	"RightElbow" : {
		"x" : 351.625,
		"y" : 780.91,
		"score" :0.780678
},
	"RightWrist" : {
		"x" : 267.595,
		"y" : 1011.39,
		"score" :0.808671
},
	"LeftShoulder" : {
		"x" : 812.43,
		"y" : 545.164,
		"score" :0.66485
},
	"LeftElbow" : {
		"x" : 859.466,
		"y" : 849.111,
		"score" :0.665773
},
	"LeftWrist" : {
		"x" : 859.355,
		"y" : 1089.98,
		"score" :0.822145
},
	"MiddleHip" : {
		"x" : 597.573,
		"y" : 1152.87,
		"score" :0.570927
},
	"RightHip" : {
		"x" : 477.076,
		"y" : 1152.86,
		"score" :0.58496
},
	"RightKnee" : {
		"x" : 450.933,
		"y" : 1556.15,
		"score" :0.65418
},
	"RightAnkle" : {
		"x" : 513.82,
		"y" : 1859.81,
		"score" :0.5698
},
	"LeftHip" : {
		"x" : 723.226,
		"y" : 1163.24,
		"score" :0.537757
},
	"LeftKnee" : {
		"x" : 801.908,
		"y" : 1535.26,
		"score" :0.623758
},
	"LeftAnkle" : {
		"x" : 801.79,
		"y" : 1912.39,
		"score" :0.298548
},
	"RightEye" : {
		"x" : 555.669,
		"y" : 215.121,
		"score" :0.867635
},
	"LeftEye" : {
		"x" : 655.293,
		"y" : 220.482,
		"score" :0.863033
},
	"RightEar" : {
		"x" : 508.632,
		"y" : 262.362,
		"score" :0.390784
},
	"LeftEar" : {
		"x" : 775.632,
		"y" : 267.455,
		"score" :0.771479
},
	"LeftBigToe" : {
		"x" : 749.55,
		"y" : 1912.5,
		"score" :0.0564583
},
	"LeftSmallToe" : {
		"x" : 807.154,
		"y" : 1912.56,
		"score" :0.0701718
},
	"RightBigToe" : {
		"x" : 812.369,
		"y" : 1912.48,
		"score" :0.128452
},
	"RightSmallToe" : {
		"x" : 471.915,
		"y" : 1912.44,
		"score" :0.0971691
},
	"RightHeel" : {
		"x" : 471.84,
		"y" : 1912.44,
		"score" :0.118565
},
	"Background" : {
		"x" : 540.051,
		"y" : 1870.56,
		"score" :0.337105
}
}
}