{
"predictions" : {
	"Nose" : {
		"x" : 414.254,
		"y" : 519.254,
		"score" :0.930945
},
	"Neck" : {
		"x" : 393.052,
		"y" : 728.474,
		"score" :0.915485
},
	"RightShoulder" : {
		"x" : 262.347,
		"y" : 728.784,
		"score" :0.858326
},
	"RightElbow" : {
		"x" : 183.588,
		"y" : 937.908,
		"score" :0.910879
},
	"RightWrist" : {
		"x" : 115.806,
		"y" : 781.025,
		"score" :0.792869
},
	"LeftShoulder" : {
		"x" : 518.92,
		"y" : 728.265,
		"score" :0.836293
},
	"LeftElbow" : {
		"x" : 692.004,
		"y" : 791.441,
		"score" :0.833087
},
	"LeftWrist" : {
		"x" : 870.018,
		"y" : 738.957,
		"score" :0.845141
},
	"MiddleHip" : {
		"x" : 393.37,
		"y" : 1110.94,
		"score" :0.748511
},
	"RightHip" : {
		"x" : 314.772,
		"y" : 1111.1,
		"score" :0.724741
},
	"RightKnee" : {
		"x" : 367.236,
		"y" : 1446.39,
		"score" :0.803992
},
	"RightAnkle" : {
		"x" : 351.261,
		"y" : 1707.97,
		"score" :0.843982
},
	"LeftHip" : {
		"x" : 471.863,
		"y" : 1105.83,
		"score" :0.688313
},
	"LeftKnee" : {
		"x" : 471.848,
		"y" : 1419.9,
		"score" :0.730344
},
	"LeftAnkle" : {
		"x" : 424.641,
		"y" : 1556.11,
		"score" :0.773503
},
	"RightEye" : {
		"x" : 382.913,
		"y" : 508.498,
		"score" :0.853725
},
	"LeftEye" : {
		"x" : 435.075,
		"y" : 508.642,
		"score" :0.848664
},
	"RightEar" : {
		"x" : 315.023,
		"y" : 560.693,
		"score" :0.812569
},
	"LeftEar" : {
		"x" : 440.155,
		"y" : 566.358,
		"score" :0.0568544
},
	"LeftBigToe" : {
		"x" : 482.244,
		"y" : 1655.57,
		"score" :0.836498
},
	"LeftSmallToe" : {
		"x" : 487.741,
		"y" : 1634.68,
		"score" :0.761402
},
	"RightBigToe" : {
		"x" : 393.429,
		"y" : 1566.36,
		"score" :0.680771
},
	"RightSmallToe" : {
		"x" : 403.826,
		"y" : 1812.78,
		"score" :0.767204
},
	"RightHeel" : {
		"x" : 356.872,
		"y" : 1802.35,
		"score" :0.755595
},
	"Background" : {
		"x" : 335.717,
		"y" : 1734.15,
		"score" :0.743035
}
}
}