{
"predictions" : {
	"Nose" : {
		"x" : 650.001,
		"y" : 440.265,
		"score" :0.98698
},
	"Neck" : {
		"x" : 618.671,
		"y" : 519.281,
		"score" :0.911764
},
	"RightShoulder" : {
		"x" : 545.225,
		"y" : 519.237,
		"score" :0.893696
},
	"RightElbow" : {
		"x" : 519.181,
		"y" : 644.488,
		"score" :0.945615
},
	"RightWrist" : {
		"x" : 639.337,
		"y" : 618.677,
		"score" :0.810221
},
	"LeftShoulder" : {
		"x" : 697.221,
		"y" : 524.04,
		"score" :0.931763
},
	"LeftElbow" : {
		"x" : 733.577,
		"y" : 644.731,
		"score" :0.941673
},
	"LeftWrist" : {
		"x" : 691.965,
		"y" : 634.245,
		"score" :0.843964
},
	"MiddleHip" : {
		"x" : 618.52,
		"y" : 765.12,
		"score" :0.832314
},
	"RightHip" : {
		"x" : 566.292,
		"y" : 765.086,
		"score" :0.833597
},
	"RightKnee" : {
		"x" : 566.449,
		"y" : 959.061,
		"score" :0.850511
},
	"RightAnkle" : {
		"x" : 576.754,
		"y" : 1147.74,
		"score" :0.889453
},
	"LeftHip" : {
		"x" : 676.151,
		"y" : 765.195,
		"score" :0.815572
},
	"LeftKnee" : {
		"x" : 707.527,
		"y" : 943.565,
		"score" :0.860287
},
	"LeftAnkle" : {
		"x" : 733.852,
		"y" : 1147.6,
		"score" :0.924169
},
	"RightEye" : {
		"x" : 644.476,
		"y" : 424.767,
		"score" :0.90891
},
	"LeftEye" : {
		"x" : 660.538,
		"y" : 429.926,
		"score" :0.875895
},
	"RightEar" : {
		"x" : 602.809,
		"y" : 430.051,
		"score" :0.950081
},
	"LeftEar" : {
		"x" : 0,
		"y" : 0,
		"score" :0
},
	"LeftBigToe" : {
		"x" : 759.969,
		"y" : 1184.12,
		"score" :0.739573
},
	"LeftSmallToe" : {
		"x" : 775.8,
		"y" : 1168.54,
		"score" :0.783254
},
	"RightBigToe" : {
		"x" : 728.406,
		"y" : 1168.52,
		"score" :0.726871
},
	"RightSmallToe" : {
		"x" : 597.555,
		"y" : 1184.23,
		"score" :0.827618
},
	"RightHeel" : {
		"x" : 566.164,
		"y" : 1184.16,
		"score" :0.835336
},
	"Background" : {
		"x" : 592.258,
		"y" : 1163.28,
		"score" :0.713979
}
}
}