{
"predictions" : {
	"Nose" : {
		"x" : 692.047,
		"y" : 686.468,
		"score" :0.946664
},
	"Neck" : {
		"x" : 733.593,
		"y" : 775.99,
		"score" :0.940486
},
	"RightShoulder" : {
		"x" : 618.525,
		"y" : 796.679,
		"score" :0.80644
},
	"RightElbow" : {
		"x" : 565.986,
		"y" : 937.968,
		"score" :0.94433
},
	"RightWrist" : {
		"x" : 602.774,
		"y" : 1022.07,
		"score" :0.96174
},
	"LeftShoulder" : {
		"x" : 838.529,
		"y" : 770.588,
		"score" :0.85211
},
	"LeftElbow" : {
		"x" : 896.118,
		"y" : 927.504,
		"score" :0.841729
},
	"LeftWrist" : {
		"x" : 891.033,
		"y" : 1089.91,
		"score" :0.833432
},
	"MiddleHip" : {
		"x" : 749.532,
		"y" : 1105.48,
		"score" :0.766777
},
	"RightHip" : {
		"x" : 686.68,
		"y" : 1105.63,
		"score" :0.822091
},
	"RightKnee" : {
		"x" : 691.866,
		"y" : 1357.29,
		"score" :0.887985
},
	"RightAnkle" : {
		"x" : 691.815,
		"y" : 1608.47,
		"score" :0.890409
},
	"LeftHip" : {
		"x" : 817.569,
		"y" : 1100.46,
		"score" :0.785087
},
	"LeftKnee" : {
		"x" : 823.008,
		"y" : 1351.75,
		"score" :0.849049
},
	"LeftAnkle" : {
		"x" : 849.073,
		"y" : 1598,
		"score" :0.808263
},
	"RightEye" : {
		"x" : 681.32,
		"y" : 655.438,
		"score" :0.886449
},
	"LeftEye" : {
		"x" : 723.372,
		"y" : 650.249,
		"score" :0.922059
},
	"RightEar" : {
		"x" : 650.143,
		"y" : 681.335,
		"score" :0.588541
},
	"LeftEar" : {
		"x" : 770.39,
		"y" : 655.419,
		"score" :0.917913
},
	"LeftBigToe" : {
		"x" : 854.155,
		"y" : 1655.79,
		"score" :0.831295
},
	"LeftSmallToe" : {
		"x" : 885.699,
		"y" : 1650.51,
		"score" :0.820854
},
	"RightBigToe" : {
		"x" : 822.99,
		"y" : 1613.86,
		"score" :0.687037
},
	"RightSmallToe" : {
		"x" : 686.76,
		"y" : 1655.52,
		"score" :0.842334
},
	"RightHeel" : {
		"x" : 650.152,
		"y" : 1650.42,
		"score" :0.843047
},
	"Background" : {
		"x" : 702.486,
		"y" : 1624.39,
		"score" :0.704721
}
}
}