{
"predictions" : {
	"Nose" : {
		"x" : 424.675,
		"y" : 644.925,
		"score" :0.904089
},
	"Neck" : {
		"x" : 440.789,
		"y" : 801.815,
		"score" :0.867839
},
	"RightShoulder" : {
		"x" : 330.415,
		"y" : 796.654,
		"score" :0.788812
},
	"RightElbow" : {
		"x" : 267.466,
		"y" : 974.666,
		"score" :0.85503
},
	"RightWrist" : {
		"x" : 388.067,
		"y" : 901.665,
		"score" :0.880215
},
	"LeftShoulder" : {
		"x" : 566.364,
		"y" : 801.905,
		"score" :0.843488
},
	"LeftElbow" : {
		"x" : 608.298,
		"y" : 985.274,
		"score" :0.908053
},
	"LeftWrist" : {
		"x" : 576.605,
		"y" : 927.656,
		"score" :0.838198
},
	"MiddleHip" : {
		"x" : 440.483,
		"y" : 1147.6,
		"score" :0.705674
},
	"RightHip" : {
		"x" : 356.947,
		"y" : 1147.65,
		"score" :0.67598
},
	"RightKnee" : {
		"x" : 377.687,
		"y" : 1440.68,
		"score" :0.825205
},
	"RightAnkle" : {
		"x" : 393.477,
		"y" : 1687.08,
		"score" :0.859044
},
	"LeftHip" : {
		"x" : 519.182,
		"y" : 1147.53,
		"score" :0.705268
},
	"LeftKnee" : {
		"x" : 518.924,
		"y" : 1425.22,
		"score" :0.868586
},
	"LeftAnkle" : {
		"x" : 508.525,
		"y" : 1666.18,
		"score" :0.793816
},
	"RightEye" : {
		"x" : 398.516,
		"y" : 618.589,
		"score" :0.86775
},
	"LeftEye" : {
		"x" : 445.811,
		"y" : 613.469,
		"score" :0.854683
},
	"RightEar" : {
		"x" : 367.207,
		"y" : 649.882,
		"score" :0.189501
},
	"LeftEar" : {
		"x" : 513.645,
		"y" : 644.896,
		"score" :0.792718
},
	"LeftBigToe" : {
		"x" : 477.229,
		"y" : 1770.9,
		"score" :0.702888
},
	"LeftSmallToe" : {
		"x" : 518.787,
		"y" : 1765.71,
		"score" :0.703046
},
	"RightBigToe" : {
		"x" : 503.421,
		"y" : 1692.25,
		"score" :0.67244
},
	"RightSmallToe" : {
		"x" : 435.219,
		"y" : 1775.93,
		"score" :0.88463
},
	"RightHeel" : {
		"x" : 393.478,
		"y" : 1770.98,
		"score" :0.83611
},
	"Background" : {
		"x" : 398.399,
		"y" : 1697.8,
		"score" :0.656601
}
}
}