{
"predictions" : {
	"Nose" : {
		"x" : 801.937,
		"y" : 555.547,
		"score" :0.869425
},
	"Neck" : {
		"x" : 807.193,
		"y" : 660.614,
		"score" :0.847005
},
	"RightShoulder" : {
		"x" : 665.618,
		"y" : 650.065,
		"score" :0.831828
},
	"RightElbow" : {
		"x" : 587.16,
		"y" : 812.479,
		"score" :0.829439
},
	"RightWrist" : {
		"x" : 618.531,
		"y" : 932.676,
		"score" :0.763123
},
	"LeftShoulder" : {
		"x" : 943.229,
		"y" : 686.591,
		"score" :0.813966
},
	"LeftElbow" : {
		"x" : 990.608,
		"y" : 895.931,
		"score" :0.837881
},
	"LeftWrist" : {
		"x" : 833.332,
		"y" : 943.15,
		"score" :0.70712
},
	"MiddleHip" : {
		"x" : 728.615,
		"y" : 1068.91,
		"score" :0.730523
},
	"RightHip" : {
		"x" : 644.845,
		"y" : 1063.74,
		"score" :0.712173
},
	"RightKnee" : {
		"x" : 644.795,
		"y" : 1357.2,
		"score" :0.81606
},
	"RightAnkle" : {
		"x" : 634.334,
		"y" : 1566.71,
		"score" :0.797981
},
	"LeftHip" : {
		"x" : 812.399,
		"y" : 1068.97,
		"score" :0.73283
},
	"LeftKnee" : {
		"x" : 812.141,
		"y" : 1367.55,
		"score" :0.767847
},
	"LeftAnkle" : {
		"x" : 843.731,
		"y" : 1624.16,
		"score" :0.758608
},
	"RightEye" : {
		"x" : 770.541,
		"y" : 524.071,
		"score" :0.920781
},
	"LeftEye" : {
		"x" : 828.044,
		"y" : 519.27,
		"score" :0.881705
},
	"RightEar" : {
		"x" : 733.657,
		"y" : 529.468,
		"score" :0.688878
},
	"LeftEar" : {
		"x" : 870.054,
		"y" : 524.49,
		"score" :0.749554
},
	"LeftBigToe" : {
		"x" : 849.12,
		"y" : 1728.95,
		"score" :0.733852
},
	"LeftSmallToe" : {
		"x" : 885.673,
		"y" : 1708.05,
		"score" :0.737912
},
	"RightBigToe" : {
		"x" : 828.027,
		"y" : 1650.21,
		"score" :0.580303
},
	"RightSmallToe" : {
		"x" : 602.866,
		"y" : 1655.58,
		"score" :0.803987
},
	"RightHeel" : {
		"x" : 566.293,
		"y" : 1639.92,
		"score" :0.747187
},
	"Background" : {
		"x" : 650.135,
		"y" : 1582.28,
		"score" :0.725151
}
}
}