{
"predictions" : {
	"Nose" : {
		"x" : 519.229,
		"y" : 325.224,
		"score" :0.888185
},
	"Neck" : {
		"x" : 424.854,
		"y" : 503.396,
		"score" :0.773315
},
	"RightShoulder" : {
		"x" : 267.518,
		"y" : 518.799,
		"score" :0.724757
},
	"RightElbow" : {
		"x" : 183.776,
		"y" : 733.905,
		"score" :0.875969
},
	"RightWrist" : {
		"x" : 508.479,
		"y" : 744.317,
		"score" :0.785805
},
	"LeftShoulder" : {
		"x" : 587.14,
		"y" : 482.497,
		"score" :0.744484
},
	"LeftElbow" : {
		"x" : 828.016,
		"y" : 592.293,
		"score" :0.782162
},
	"LeftWrist" : {
		"x" : 697.127,
		"y" : 387.889,
		"score" :0.90336
},
	"MiddleHip" : {
		"x" : 408.991,
		"y" : 985.408,
		"score" :0.645409
},
	"RightHip" : {
		"x" : 309.456,
		"y" : 1000.9,
		"score" :0.624477
},
	"RightKnee" : {
		"x" : 246.639,
		"y" : 1357.06,
		"score" :0.725416
},
	"RightAnkle" : {
		"x" : 215.192,
		"y" : 1639.86,
		"score" :0.77381
},
	"LeftHip" : {
		"x" : 518.85,
		"y" : 985.186,
		"score" :0.670113
},
	"LeftKnee" : {
		"x" : 639.378,
		"y" : 1362.37,
		"score" :0.809278
},
	"LeftAnkle" : {
		"x" : 676.073,
		"y" : 1655.71,
		"score" :0.726455
},
	"RightEye" : {
		"x" : 476.971,
		"y" : 288.55,
		"score" :0.899459
},
	"LeftEye" : {
		"x" : 534.816,
		"y" : 283.31,
		"score" :0.847456
},
	"RightEar" : {
		"x" : 382.841,
		"y" : 309.774,
		"score" :0.932136
},
	"LeftEar" : {
		"x" : 0,
		"y" : 0,
		"score" :0
},
	"LeftBigToe" : {
		"x" : 728.651,
		"y" : 1765.63,
		"score" :0.741704
},
	"LeftSmallToe" : {
		"x" : 759.92,
		"y" : 1739.54,
		"score" :0.719952
},
	"RightBigToe" : {
		"x" : 644.82,
		"y" : 1687.17,
		"score" :0.573861
},
	"RightSmallToe" : {
		"x" : 215.131,
		"y" : 1739.51,
		"score" :0.8649
},
	"RightHeel" : {
		"x" : 178.599,
		"y" : 1734,
		"score" :0.877689
},
	"Background" : {
		"x" : 220.525,
		"y" : 1650.43,
		"score" :0.610859
}
}
}