{
"predictions" : {
	"Nose" : {
		"x" : 712.745,
		"y" : 267.364,
		"score" :0.886149
},
	"Neck" : {
		"x" : 728.741,
		"y" : 450.932,
		"score" :0.887357
},
	"RightShoulder" : {
		"x" : 560.973,
		"y" : 471.872,
		"score" :0.829147
},
	"RightElbow" : {
		"x" : 477.086,
		"y" : 707.609,
		"score" :0.831036
},
	"RightWrist" : {
		"x" : 398.758,
		"y" : 922.359,
		"score" :0.867906
},
	"LeftShoulder" : {
		"x" : 896.33,
		"y" : 435.336,
		"score" :0.850203
},
	"LeftElbow" : {
		"x" : 1016.73,
		"y" : 655.151,
		"score" :0.85735
},
	"LeftWrist" : {
		"x" : 943.254,
		"y" : 822.754,
		"score" :0.901406
},
	"MiddleHip" : {
		"x" : 728.494,
		"y" : 948.658,
		"score" :0.716325
},
	"RightHip" : {
		"x" : 618.56,
		"y" : 953.855,
		"score" :0.653557
},
	"RightKnee" : {
		"x" : 561.069,
		"y" : 1325.62,
		"score" :0.761525
},
	"RightAnkle" : {
		"x" : 503.39,
		"y" : 1723.64,
		"score" :0.694696
},
	"LeftHip" : {
		"x" : 828.002,
		"y" : 948.547,
		"score" :0.679012
},
	"LeftKnee" : {
		"x" : 812.276,
		"y" : 1362.3,
		"score" :0.801876
},
	"LeftAnkle" : {
		"x" : 791.502,
		"y" : 1702.92,
		"score" :0.698144
},
	"RightEye" : {
		"x" : 681.469,
		"y" : 230.729,
		"score" :0.941568
},
	"LeftEye" : {
		"x" : 739.254,
		"y" : 230.789,
		"score" :0.917601
},
	"RightEar" : {
		"x" : 639.336,
		"y" : 257.13,
		"score" :0.879357
},
	"LeftEar" : {
		"x" : 796.642,
		"y" : 257.078,
		"score" :0.846881
},
	"LeftBigToe" : {
		"x" : 812.27,
		"y" : 1791.76,
		"score" :0.753104
},
	"LeftSmallToe" : {
		"x" : 854.173,
		"y" : 1781.55,
		"score" :0.878155
},
	"RightBigToe" : {
		"x" : 765.247,
		"y" : 1739.55,
		"score" :0.623812
},
	"RightSmallToe" : {
		"x" : 372.464,
		"y" : 1791.96,
		"score" :0.416265
},
	"RightHeel" : {
		"x" : 372.39,
		"y" : 1781.22,
		"score" :0.419871
},
	"Background" : {
		"x" : 524.487,
		"y" : 1760.34,
		"score" :0.636633
}
}
}