{
"predictions" : {
	"Nose" : {
		"x" : 498.048,
		"y" : 283.281,
		"score" :0.854971
},
	"Neck" : {
		"x" : 482.673,
		"y" : 476.99,
		"score" :0.898635
},
	"RightShoulder" : {
		"x" : 356.838,
		"y" : 477.295,
		"score" :0.834346
},
	"RightElbow" : {
		"x" : 309.67,
		"y" : 681.419,
		"score" :0.814934
},
	"RightWrist" : {
		"x" : 309.513,
		"y" : 812.517,
		"score" :0.890595
},
	"LeftShoulder" : {
		"x" : 608.337,
		"y" : 476.897,
		"score" :0.848296
},
	"LeftElbow" : {
		"x" : 676.188,
		"y" : 670.906,
		"score" :0.764764
},
	"LeftWrist" : {
		"x" : 702.392,
		"y" : 812.184,
		"score" :0.806488
},
	"MiddleHip" : {
		"x" : 513.823,
		"y" : 896.286,
		"score" :0.698018
},
	"RightHip" : {
		"x" : 435.054,
		"y" : 901.268,
		"score" :0.710466
},
	"RightKnee" : {
		"x" : 435.04,
		"y" : 1236.7,
		"score" :0.798871
},
	"RightAnkle" : {
		"x" : 351.398,
		"y" : 1603.36,
		"score" :0.712131
},
	"LeftHip" : {
		"x" : 597.5,
		"y" : 896.23,
		"score" :0.700658
},
	"LeftKnee" : {
		"x" : 571.482,
		"y" : 1231.45,
		"score" :0.759232
},
	"LeftAnkle" : {
		"x" : 540.094,
		"y" : 1556.16,
		"score" :0.740051
},
	"RightEye" : {
		"x" : 476.877,
		"y" : 262.31,
		"score" :0.914304
},
	"LeftEye" : {
		"x" : 524.321,
		"y" : 267.363,
		"score" :0.920389
},
	"RightEar" : {
		"x" : 429.852,
		"y" : 272.841,
		"score" :0.834745
},
	"LeftEar" : {
		"x" : 560.813,
		"y" : 278.206,
		"score" :0.642152
},
	"LeftBigToe" : {
		"x" : 650.059,
		"y" : 1645.12,
		"score" :0.567292
},
	"LeftSmallToe" : {
		"x" : 655.291,
		"y" : 1613.71,
		"score" :0.562912
},
	"RightBigToe" : {
		"x" : 508.486,
		"y" : 1582.28,
		"score" :0.673038
},
	"RightSmallToe" : {
		"x" : 477.28,
		"y" : 1671.43,
		"score" :0.612844
},
	"RightHeel" : {
		"x" : 440.479,
		"y" : 1687.01,
		"score" :0.557641
},
	"Background" : {
		"x" : 309.569,
		"y" : 1650.29,
		"score" :0.60907
}
}
}