{
"predictions" : {
	"Nose" : {
		"x" : 435.228,
		"y" : 320.129,
		"score" :0.906163
},
	"Neck" : {
		"x" : 477.352,
		"y" : 539.92,
		"score" :0.839012
},
	"RightShoulder" : {
		"x" : 315.01,
		"y" : 555.67,
		"score" :0.771244
},
	"RightElbow" : {
		"x" : 230.888,
		"y" : 822.887,
		"score" :0.87569
},
	"RightWrist" : {
		"x" : 136.624,
		"y" : 765.247,
		"score" :0.880191
},
	"LeftShoulder" : {
		"x" : 639.395,
		"y" : 529.485,
		"score" :0.747984
},
	"LeftElbow" : {
		"x" : 691.862,
		"y" : 801.848,
		"score" :0.79447
},
	"LeftWrist" : {
		"x" : 644.98,
		"y" : 1069.24,
		"score" :0.889203
},
	"MiddleHip" : {
		"x" : 456.179,
		"y" : 1063.86,
		"score" :0.609733
},
	"RightHip" : {
		"x" : 351.598,
		"y" : 1063.71,
		"score" :0.615932
},
	"RightKnee" : {
		"x" : 403.987,
		"y" : 1498.5,
		"score" :0.760675
},
	"RightAnkle" : {
		"x" : 440.43,
		"y" : 1912.45,
		"score" :0.691152
},
	"LeftHip" : {
		"x" : 560.954,
		"y" : 1068.91,
		"score" :0.61388
},
	"LeftKnee" : {
		"x" : 618.685,
		"y" : 1487.91,
		"score" :0.789573
},
	"LeftAnkle" : {
		"x" : 660.505,
		"y" : 1912.45,
		"score" :0.496923
},
	"RightEye" : {
		"x" : 398.741,
		"y" : 288.575,
		"score" :0.896646
},
	"LeftEye" : {
		"x" : 477.123,
		"y" : 288.614,
		"score" :0.893647
},
	"RightEar" : {
		"x" : 372.391,
		"y" : 309.493,
		"score" :0.23478
},
	"LeftEar" : {
		"x" : 560.917,
		"y" : 309.482,
		"score" :0.94741
},
	"LeftBigToe" : {
		"x" : 681.354,
		"y" : 1912.57,
		"score" :0.077748
},
	"LeftSmallToe" : {
		"x" : 702.36,
		"y" : 1912.56,
		"score" :0.125824
},
	"RightBigToe" : {
		"x" : 655.245,
		"y" : 1912.51,
		"score" :0.276798
},
	"RightSmallToe" : {
		"x" : 398.491,
		"y" : 1912.45,
		"score" :0.180104
},
	"RightHeel" : {
		"x" : 398.545,
		"y" : 1912.5,
		"score" :0.1435
},
	"Background" : {
		"x" : 451.013,
		"y" : 1912.51,
		"score" :0.355862
}
}
}