{
"predictions" : {
	"Nose" : {
		"x" : 393.201,
		"y" : 649.878,
		"score" :0.969525
},
	"Neck" : {
		"x" : 430.061,
		"y" : 780.839,
		"score" :0.891029
},
	"RightShoulder" : {
		"x" : 309.683,
		"y" : 791.327,
		"score" :0.830661
},
	"RightElbow" : {
		"x" : 262.213,
		"y" : 959.131,
		"score" :0.813803
},
	"RightWrist" : {
		"x" : 147.372,
		"y" : 1068.91,
		"score" :0.890135
},
	"LeftShoulder" : {
		"x" : 534.863,
		"y" : 775.589,
		"score" :0.841093
},
	"LeftElbow" : {
		"x" : 676.246,
		"y" : 822.945,
		"score" :0.797431
},
	"LeftWrist" : {
		"x" : 801.978,
		"y" : 796.725,
		"score" :0.763487
},
	"MiddleHip" : {
		"x" : 440.379,
		"y" : 1147.41,
		"score" :0.807736
},
	"RightHip" : {
		"x" : 367.19,
		"y" : 1147.48,
		"score" :0.732519
},
	"RightKnee" : {
		"x" : 351.6,
		"y" : 1357.14,
		"score" :0.850856
},
	"RightAnkle" : {
		"x" : 262.291,
		"y" : 1608.6,
		"score" :0.771402
},
	"LeftHip" : {
		"x" : 513.891,
		"y" : 1142.4,
		"score" :0.75732
},
	"LeftKnee" : {
		"x" : 581.904,
		"y" : 1357,
		"score" :0.828085
},
	"LeftAnkle" : {
		"x" : 477.171,
		"y" : 1613.92,
		"score" :0.791113
},
	"RightEye" : {
		"x" : 367.236,
		"y" : 629.105,
		"score" :0.838819
},
	"LeftEye" : {
		"x" : 414.361,
		"y" : 629.083,
		"score" :0.832538
},
	"RightEar" : {
		"x" : 0,
		"y" : 0,
		"score" :0
},
	"LeftEar" : {
		"x" : 477.048,
		"y" : 644.756,
		"score" :0.890487
},
	"LeftBigToe" : {
		"x" : 513.758,
		"y" : 1660.84,
		"score" :0.247138
},
	"LeftSmallToe" : {
		"x" : 529.469,
		"y" : 1650.56,
		"score" :0.321131
},
	"RightBigToe" : {
		"x" : 435.303,
		"y" : 1645.06,
		"score" :0.672775
},
	"RightSmallToe" : {
		"x" : 351.398,
		"y" : 1655.74,
		"score" :0.7019
},
	"RightHeel" : {
		"x" : 304.182,
		"y" : 1666.07,
		"score" :0.595024
},
	"Background" : {
		"x" : 225.778,
		"y" : 1645.13,
		"score" :0.641532
}
}
}