{
"predictions" : {
	"Nose" : {
		"x" : 597.456,
		"y" : 315.003,
		"score" :0.906326
},
	"Neck" : {
		"x" : 576.583,
		"y" : 450.936,
		"score" :0.821007
},
	"RightShoulder" : {
		"x" : 445.857,
		"y" : 456.24,
		"score" :0.77888
},
	"RightElbow" : {
		"x" : 356.884,
		"y" : 608.284,
		"score" :0.829236
},
	"RightWrist" : {
		"x" : 267.676,
		"y" : 618.484,
		"score" :0.798454
},
	"LeftShoulder" : {
		"x" : 697.329,
		"y" : 440.738,
		"score" :0.799345
},
	"LeftElbow" : {
		"x" : 822.753,
		"y" : 597.464,
		"score" :0.755955
},
	"LeftWrist" : {
		"x" : 964.323,
		"y" : 686.857,
		"score" :0.8411
},
	"MiddleHip" : {
		"x" : 597.454,
		"y" : 859.667,
		"score" :0.673382
},
	"RightHip" : {
		"x" : 513.785,
		"y" : 870.07,
		"score" :0.626884
},
	"RightKnee" : {
		"x" : 602.885,
		"y" : 1152.95,
		"score" :0.83563
},
	"RightAnkle" : {
		"x" : 692.07,
		"y" : 1367.67,
		"score" :0.822693
},
	"LeftHip" : {
		"x" : 676.201,
		"y" : 854.274,
		"score" :0.651347
},
	"LeftKnee" : {
		"x" : 739.133,
		"y" : 1126.74,
		"score" :0.764445
},
	"LeftAnkle" : {
		"x" : 817.557,
		"y" : 1383.24,
		"score" :0.808399
},
	"RightEye" : {
		"x" : 561.077,
		"y" : 299.089,
		"score" :0.912651
},
	"LeftEye" : {
		"x" : 613.323,
		"y" : 299.058,
		"score" :0.880719
},
	"RightEar" : {
		"x" : 518.994,
		"y" : 319.97,
		"score" :0.884306
},
	"LeftEar" : {
		"x" : 649.994,
		"y" : 314.563,
		"score" :0.84422
},
	"LeftBigToe" : {
		"x" : 822.874,
		"y" : 1472.41,
		"score" :0.713404
},
	"LeftSmallToe" : {
		"x" : 859.726,
		"y" : 1451.37,
		"score" :0.728875
},
	"RightBigToe" : {
		"x" : 812.179,
		"y" : 1404.04,
		"score" :0.682234
},
	"RightSmallToe" : {
		"x" : 702.386,
		"y" : 1472.33,
		"score" :0.700607
},
	"RightHeel" : {
		"x" : 655.427,
		"y" : 1451.49,
		"score" :0.716691
},
	"Background" : {
		"x" : 728.53,
		"y" : 1388.57,
		"score" :0.642483
}
}
}