{
"predictions" : {
	"Nose" : {
		"x" : 644.802,
		"y" : 723.402,
		"score" :0.93639
},
	"Neck" : {
		"x" : 644.528,
		"y" : 780.933,
		"score" :0.900429
},
	"RightShoulder" : {
		"x" : 560.842,
		"y" : 775.929,
		"score" :0.878962
},
	"RightElbow" : {
		"x" : 477.199,
		"y" : 828.057,
		"score" :0.837472
},
	"RightWrist" : {
		"x" : 445.87,
		"y" : 781.012,
		"score" :0.780526
},
	"LeftShoulder" : {
		"x" : 728.411,
		"y" : 786.123,
		"score" :0.863071
},
	"LeftElbow" : {
		"x" : 796.616,
		"y" : 853.961,
		"score" :0.81957
},
	"LeftWrist" : {
		"x" : 812.513,
		"y" : 791.523,
		"score" :0.822311
},
	"MiddleHip" : {
		"x" : 644.729,
		"y" : 1032.29,
		"score" :0.85491
},
	"RightHip" : {
		"x" : 592.377,
		"y" : 1032.28,
		"score" :0.787575
},
	"RightKnee" : {
		"x" : 602.595,
		"y" : 1189.35,
		"score" :0.87067
},
	"RightAnkle" : {
		"x" : 597.476,
		"y" : 1325.72,
		"score" :0.838032
},
	"LeftHip" : {
		"x" : 691.977,
		"y" : 1032.35,
		"score" :0.841704
},
	"LeftKnee" : {
		"x" : 691.913,
		"y" : 1189.36,
		"score" :0.864713
},
	"LeftAnkle" : {
		"x" : 691.919,
		"y" : 1320.4,
		"score" :0.898314
},
	"RightEye" : {
		"x" : 628.971,
		"y" : 692.117,
		"score" :0.892601
},
	"LeftEye" : {
		"x" : 665.698,
		"y" : 697.21,
		"score" :0.852947
},
	"RightEar" : {
		"x" : 602.825,
		"y" : 692.078,
		"score" :0.734225
},
	"LeftEar" : {
		"x" : 697.034,
		"y" : 697.272,
		"score" :0.778922
},
	"LeftBigToe" : {
		"x" : 723.372,
		"y" : 1357.34,
		"score" :0.841928
},
	"LeftSmallToe" : {
		"x" : 738.981,
		"y" : 1351.71,
		"score" :0.791025
},
	"RightBigToe" : {
		"x" : 681.402,
		"y" : 1336.17,
		"score" :0.696949
},
	"RightSmallToe" : {
		"x" : 608.034,
		"y" : 1362.26,
		"score" :0.822861
},
	"RightHeel" : {
		"x" : 571.447,
		"y" : 1357.31,
		"score" :0.803929
},
	"Background" : {
		"x" : 597.652,
		"y" : 1346.67,
		"score" :0.680527
}
}
}