{
"predictions" : {
	"Nose" : {
		"x" : 812.607,
		"y" : 440.31,
		"score" :0.98434
},
	"Neck" : {
		"x" : 775.786,
		"y" : 608.226,
		"score" :0.926275
},
	"RightShoulder" : {
		"x" : 649.835,
		"y" : 603.08,
		"score" :0.853527
},
	"RightElbow" : {
		"x" : 602.881,
		"y" : 812.343,
		"score" :0.881863
},
	"RightWrist" : {
		"x" : 744.344,
		"y" : 895.917,
		"score" :0.841318
},
	"LeftShoulder" : {
		"x" : 901.595,
		"y" : 613.499,
		"score" :0.852689
},
	"LeftElbow" : {
		"x" : 906.651,
		"y" : 817.424,
		"score" :0.830124
},
	"LeftWrist" : {
		"x" : 911.81,
		"y" : 938.253,
		"score" :0.867463
},
	"MiddleHip" : {
		"x" : 775.526,
		"y" : 980.068,
		"score" :0.765333
},
	"RightHip" : {
		"x" : 697.142,
		"y" : 979.953,
		"score" :0.730951
},
	"RightKnee" : {
		"x" : 686.598,
		"y" : 1294.29,
		"score" :0.785354
},
	"RightAnkle" : {
		"x" : 613.372,
		"y" : 1571.8,
		"score" :0.773655
},
	"LeftHip" : {
		"x" : 854.072,
		"y" : 980.135,
		"score" :0.745159
},
	"LeftKnee" : {
		"x" : 828.11,
		"y" : 1268.05,
		"score" :0.78003
},
	"LeftAnkle" : {
		"x" : 770.433,
		"y" : 1472.31,
		"score" :0.829981
},
	"RightEye" : {
		"x" : 780.898,
		"y" : 414.298,
		"score" :0.87299
},
	"LeftEye" : {
		"x" : 843.875,
		"y" : 409.192,
		"score" :0.857215
},
	"RightEar" : {
		"x" : 739.084,
		"y" : 440.242,
		"score" :0.870266
},
	"LeftEar" : {
		"x" : 864.69,
		"y" : 440.283,
		"score" :0.606499
},
	"LeftBigToe" : {
		"x" : 906.747,
		"y" : 1488.33,
		"score" :0.753742
},
	"LeftSmallToe" : {
		"x" : 901.448,
		"y" : 1482.69,
		"score" :0.730053
},
	"RightBigToe" : {
		"x" : 728.679,
		"y" : 1493.37,
		"score" :0.796996
},
	"RightSmallToe" : {
		"x" : 691.827,
		"y" : 1650.51,
		"score" :0.741302
},
	"RightHeel" : {
		"x" : 649.845,
		"y" : 1655.47,
		"score" :0.752144
},
	"Background" : {
		"x" : 581.913,
		"y" : 1598.11,
		"score" :0.589898
}
}
}