{
"predictions" : {
	"Nose" : {
		"x" : 650.251,
		"y" : 733.986,
		"score" :0.948088
},
	"Neck" : {
		"x" : 681.357,
		"y" : 848.958,
		"score" :0.86969
},
	"RightShoulder" : {
		"x" : 571.334,
		"y" : 849.019,
		"score" :0.834104
},
	"RightElbow" : {
		"x" : 524.462,
		"y" : 1006.12,
		"score" :0.795216
},
	"RightWrist" : {
		"x" : 524.06,
		"y" : 1147.54,
		"score" :0.921267
},
	"LeftShoulder" : {
		"x" : 775.678,
		"y" : 843.785,
		"score" :0.859839
},
	"LeftElbow" : {
		"x" : 854.12,
		"y" : 1021.88,
		"score" :0.877831
},
	"LeftWrist" : {
		"x" : 807.177,
		"y" : 1000.98,
		"score" :0.885526
},
	"MiddleHip" : {
		"x" : 681.199,
		"y" : 1194.71,
		"score" :0.761888
},
	"RightHip" : {
		"x" : 607.904,
		"y" : 1194.73,
		"score" :0.774739
},
	"RightKnee" : {
		"x" : 608.217,
		"y" : 1440.74,
		"score" :0.868163
},
	"RightAnkle" : {
		"x" : 691.789,
		"y" : 1566.77,
		"score" :0.679392
},
	"LeftHip" : {
		"x" : 734.076,
		"y" : 1194.8,
		"score" :0.758475
},
	"LeftKnee" : {
		"x" : 692.187,
		"y" : 1446.11,
		"score" :0.82272
},
	"LeftAnkle" : {
		"x" : 691.745,
		"y" : 1692.39,
		"score" :0.841798
},
	"RightEye" : {
		"x" : 644.503,
		"y" : 723.191,
		"score" :0.894928
},
	"LeftEye" : {
		"x" : 686.504,
		"y" : 723.255,
		"score" :0.936396
},
	"RightEar" : {
		"x" : 608.347,
		"y" : 728.494,
		"score" :0.213538
},
	"LeftEar" : {
		"x" : 728.545,
		"y" : 728.556,
		"score" :0.89046
},
	"LeftBigToe" : {
		"x" : 655.149,
		"y" : 1760.39,
		"score" :0.812352
},
	"LeftSmallToe" : {
		"x" : 692.015,
		"y" : 1760.44,
		"score" :0.788
},
	"RightBigToe" : {
		"x" : 697.056,
		"y" : 1713.27,
		"score" :0.641682
},
	"RightSmallToe" : {
		"x" : 660.614,
		"y" : 1629.43,
		"score" :0.216168
},
	"RightHeel" : {
		"x" : 650.095,
		"y" : 1613.96,
		"score" :0.238983
},
	"Background" : {
		"x" : 728.478,
		"y" : 1571.67,
		"score" :0.400878
}
}
}