{
"predictions" : {
	"Nose" : {
		"x" : 335.801,
		"y" : 194.522,
		"score" :0.857643
},
	"Neck" : {
		"x" : 398.659,
		"y" : 398.706,
		"score" :0.902536
},
	"RightShoulder" : {
		"x" : 267.668,
		"y" : 403.961,
		"score" :0.842172
},
	"RightElbow" : {
		"x" : 230.793,
		"y" : 613.277,
		"score" :0.864292
},
	"RightWrist" : {
		"x" : 231.249,
		"y" : 791.509,
		"score" :0.79236
},
	"LeftShoulder" : {
		"x" : 534.841,
		"y" : 393.492,
		"score" :0.771726
},
	"LeftElbow" : {
		"x" : 723.393,
		"y" : 607.944,
		"score" :0.85429
},
	"LeftWrist" : {
		"x" : 608.232,
		"y" : 775.978,
		"score" :0.820577
},
	"MiddleHip" : {
		"x" : 398.391,
		"y" : 880.392,
		"score" :0.688701
},
	"RightHip" : {
		"x" : 309.684,
		"y" : 880.403,
		"score" :0.675907
},
	"RightKnee" : {
		"x" : 236.123,
		"y" : 1205.16,
		"score" :0.819399
},
	"RightAnkle" : {
		"x" : 267.54,
		"y" : 1482.87,
		"score" :0.850869
},
	"LeftHip" : {
		"x" : 482.234,
		"y" : 875.171,
		"score" :0.674206
},
	"LeftKnee" : {
		"x" : 482.28,
		"y" : 1194.63,
		"score" :0.834616
},
	"LeftAnkle" : {
		"x" : 477.383,
		"y" : 1498.6,
		"score" :0.782936
},
	"RightEye" : {
		"x" : 309.327,
		"y" : 183.658,
		"score" :0.932592
},
	"LeftEye" : {
		"x" : 361.814,
		"y" : 168.114,
		"score" :0.882155
},
	"RightEar" : {
		"x" : 278.081,
		"y" : 220.342,
		"score" :0.507145
},
	"LeftEar" : {
		"x" : 424.757,
		"y" : 189.106,
		"score" :0.865603
},
	"LeftBigToe" : {
		"x" : 409.084,
		"y" : 1618.99,
		"score" :0.704103
},
	"LeftSmallToe" : {
		"x" : 466.603,
		"y" : 1613.61,
		"score" :0.660404
},
	"RightBigToe" : {
		"x" : 487.552,
		"y" : 1519.49,
		"score" :0.642738
},
	"RightSmallToe" : {
		"x" : 168.149,
		"y" : 1577.3,
		"score" :0.696858
},
	"RightHeel" : {
		"x" : 152.567,
		"y" : 1566.56,
		"score" :0.692347
},
	"Background" : {
		"x" : 288.637,
		"y" : 1509.07,
		"score" :0.746322
}
}
}