{
"predictions" : {
	"Nose" : {
		"x" : 435.484,
		"y" : 272.919,
		"score" :0.954166
},
	"Neck" : {
		"x" : 434.992,
		"y" : 471.755,
		"score" :0.812486
},
	"RightShoulder" : {
		"x" : 257.108,
		"y" : 482.517,
		"score" :0.705559
},
	"RightElbow" : {
		"x" : 194.448,
		"y" : 728.555,
		"score" :0.715253
},
	"RightWrist" : {
		"x" : 236.322,
		"y" : 828.115,
		"score" :0.507645
},
	"LeftShoulder" : {
		"x" : 602.883,
		"y" : 440.427,
		"score" :0.795996
},
	"LeftElbow" : {
		"x" : 686.45,
		"y" : 665.774,
		"score" :0.790173
},
	"LeftWrist" : {
		"x" : 817.762,
		"y" : 723.189,
		"score" :0.827676
},
	"MiddleHip" : {
		"x" : 466.563,
		"y" : 1063.65,
		"score" :0.588836
},
	"RightHip" : {
		"x" : 356.482,
		"y" : 1063.9,
		"score" :0.563933
},
	"RightKnee" : {
		"x" : 362.098,
		"y" : 1467.16,
		"score" :0.655476
},
	"RightAnkle" : {
		"x" : 387.986,
		"y" : 1823.14,
		"score" :0.616731
},
	"LeftHip" : {
		"x" : 566.321,
		"y" : 1053.37,
		"score" :0.601853
},
	"LeftKnee" : {
		"x" : 555.514,
		"y" : 1446.11,
		"score" :0.710686
},
	"LeftAnkle" : {
		"x" : 592.356,
		"y" : 1776.1,
		"score" :0.637772
},
	"RightEye" : {
		"x" : 398.46,
		"y" : 230.921,
		"score" :0.980358
},
	"LeftEye" : {
		"x" : 477.21,
		"y" : 231.027,
		"score" :0.961059
},
	"RightEar" : {
		"x" : 351.114,
		"y" : 262.286,
		"score" :0.811297
},
	"LeftEar" : {
		"x" : 524.284,
		"y" : 257.101,
		"score" :0.6987
},
	"LeftBigToe" : {
		"x" : 660.433,
		"y" : 1860.04,
		"score" :0.418874
},
	"LeftSmallToe" : {
		"x" : 686.842,
		"y" : 1839.02,
		"score" :0.538645
},
	"RightBigToe" : {
		"x" : 555.64,
		"y" : 1818.01,
		"score" :0.460631
},
	"RightSmallToe" : {
		"x" : 461.421,
		"y" : 1865.2,
		"score" :0.526437
},
	"RightHeel" : {
		"x" : 409.073,
		"y" : 1870.67,
		"score" :0.487448
},
	"Background" : {
		"x" : 356.705,
		"y" : 1854.64,
		"score" :0.335004
}
}
}