{
"predictions" : {
	"Nose" : {
		"x" : 508.634,
		"y" : 828.213,
		"score" :0.86768
},
	"Neck" : {
		"x" : 471.973,
		"y" : 943.223,
		"score" :0.906015
},
	"RightShoulder" : {
		"x" : 393.083,
		"y" : 953.864,
		"score" :0.761223
},
	"RightElbow" : {
		"x" : 356.745,
		"y" : 1116.24,
		"score" :0.396686
},
	"RightWrist" : {
		"x" : 356.884,
		"y" : 1262.85,
		"score" :0.364154
},
	"LeftShoulder" : {
		"x" : 555.63,
		"y" : 932.934,
		"score" :0.85401
},
	"LeftElbow" : {
		"x" : 650.198,
		"y" : 895.919,
		"score" :0.863564
},
	"LeftWrist" : {
		"x" : 734.056,
		"y" : 843.707,
		"score" :0.837406
},
	"MiddleHip" : {
		"x" : 492.969,
		"y" : 1241.82,
		"score" :0.721788
},
	"RightHip" : {
		"x" : 435.287,
		"y" : 1247.16,
		"score" :0.710157
},
	"RightKnee" : {
		"x" : 435.332,
		"y" : 1477.47,
		"score" :0.814714
},
	"RightAnkle" : {
		"x" : 419.483,
		"y" : 1650.34,
		"score" :0.796415
},
	"LeftHip" : {
		"x" : 561.023,
		"y" : 1236.68,
		"score" :0.765184
},
	"LeftKnee" : {
		"x" : 576.642,
		"y" : 1477.4,
		"score" :0.804716
},
	"LeftAnkle" : {
		"x" : 566.191,
		"y" : 1666.21,
		"score" :0.864308
},
	"RightEye" : {
		"x" : 482.345,
		"y" : 817.492,
		"score" :0.989955
},
	"LeftEye" : {
		"x" : 513.686,
		"y" : 812.631,
		"score" :0.73877
},
	"RightEar" : {
		"x" : 435.126,
		"y" : 833.278,
		"score" :0.809763
},
	"LeftEar" : {
		"x" : 0,
		"y" : 0,
		"score" :0
},
	"LeftBigToe" : {
		"x" : 571.351,
		"y" : 1739.71,
		"score" :0.851284
},
	"LeftSmallToe" : {
		"x" : 603.068,
		"y" : 1734.4,
		"score" :0.889788
},
	"RightBigToe" : {
		"x" : 555.723,
		"y" : 1687.18,
		"score" :0.757137
},
	"RightSmallToe" : {
		"x" : 435.211,
		"y" : 1728.96,
		"score" :0.854071
},
	"RightHeel" : {
		"x" : 398.643,
		"y" : 1713.32,
		"score" :0.799455
},
	"Background" : {
		"x" : 424.731,
		"y" : 1655.75,
		"score" :0.726306
}
}
}