{
"predictions" : {
	"Nose" : {
		"x" : 519.145,
		"y" : 697.253,
		"score" :0.93513
},
	"Neck" : {
		"x" : 519.208,
		"y" : 854.259,
		"score" :0.957679
},
	"RightShoulder" : {
		"x" : 398.557,
		"y" : 859.515,
		"score" :0.897011
},
	"RightElbow" : {
		"x" : 351.331,
		"y" : 1053.26,
		"score" :0.885161
},
	"RightWrist" : {
		"x" : 340.938,
		"y" : 1226.2,
		"score" :0.872943
},
	"LeftShoulder" : {
		"x" : 644.526,
		"y" : 848.978,
		"score" :0.863551
},
	"LeftElbow" : {
		"x" : 686.812,
		"y" : 1021.63,
		"score" :0.918045
},
	"LeftWrist" : {
		"x" : 707.545,
		"y" : 1163.25,
		"score" :0.854863
},
	"MiddleHip" : {
		"x" : 524.265,
		"y" : 1189.56,
		"score" :0.8078
},
	"RightHip" : {
		"x" : 445.753,
		"y" : 1189.55,
		"score" :0.76098
},
	"RightKnee" : {
		"x" : 461.371,
		"y" : 1451.45,
		"score" :0.808934
},
	"RightAnkle" : {
		"x" : 466.706,
		"y" : 1681.86,
		"score" :0.804859
},
	"LeftHip" : {
		"x" : 602.872,
		"y" : 1189.6,
		"score" :0.807868
},
	"LeftKnee" : {
		"x" : 602.858,
		"y" : 1446.36,
		"score" :0.87317
},
	"LeftAnkle" : {
		"x" : 597.446,
		"y" : 1608.28,
		"score" :0.849824
},
	"RightEye" : {
		"x" : 487.642,
		"y" : 686.723,
		"score" :0.945534
},
	"LeftEye" : {
		"x" : 534.693,
		"y" : 686.364,
		"score" :0.89417
},
	"RightEar" : {
		"x" : 451.036,
		"y" : 707.674,
		"score" :0.856112
},
	"LeftEar" : {
		"x" : 566.22,
		"y" : 692.151,
		"score" :0.920428
},
	"LeftBigToe" : {
		"x" : 581.878,
		"y" : 1687.15,
		"score" :0.838009
},
	"LeftSmallToe" : {
		"x" : 608.369,
		"y" : 1671.4,
		"score" :0.799217
},
	"RightBigToe" : {
		"x" : 576.778,
		"y" : 1608.43,
		"score" :0.669336
},
	"RightSmallToe" : {
		"x" : 482.5,
		"y" : 1739.35,
		"score" :0.874337
},
	"RightHeel" : {
		"x" : 445.828,
		"y" : 1734.46,
		"score" :0.856973
},
	"Background" : {
		"x" : 471.782,
		"y" : 1697.64,
		"score" :0.685773
}
}
}