{
"predictions" : {
	"Nose" : {
		"x" : 623.836,
		"y" : 199.66,
		"score" :0.830106
},
	"Neck" : {
		"x" : 608.171,
		"y" : 440.517,
		"score" :0.883322
},
	"RightShoulder" : {
		"x" : 398.785,
		"y" : 445.67,
		"score" :0.794362
},
	"RightElbow" : {
		"x" : 398.484,
		"y" : 775.79,
		"score" :0.792193
},
	"RightWrist" : {
		"x" : 587.169,
		"y" : 985.226,
		"score" :0.786487
},
	"LeftShoulder" : {
		"x" : 817.637,
		"y" : 440.446,
		"score" :0.833265
},
	"LeftElbow" : {
		"x" : 890.72,
		"y" : 728.702,
		"score" :0.758814
},
	"LeftWrist" : {
		"x" : 801.865,
		"y" : 943.481,
		"score" :0.791287
},
	"MiddleHip" : {
		"x" : 644.558,
		"y" : 1042.9,
		"score" :0.633057
},
	"RightHip" : {
		"x" : 524.212,
		"y" : 1058.56,
		"score" :0.621804
},
	"RightKnee" : {
		"x" : 534.686,
		"y" : 1440.85,
		"score" :0.671371
},
	"RightAnkle" : {
		"x" : 571.427,
		"y" : 1776.27,
		"score" :0.80531
},
	"LeftHip" : {
		"x" : 765.047,
		"y" : 1037.62,
		"score" :0.590052
},
	"LeftKnee" : {
		"x" : 733.75,
		"y" : 1419.97,
		"score" :0.655256
},
	"LeftAnkle" : {
		"x" : 733.83,
		"y" : 1728.83,
		"score" :0.783764
},
	"RightEye" : {
		"x" : 576.75,
		"y" : 178.479,
		"score" :0.871709
},
	"LeftEye" : {
		"x" : 655.305,
		"y" : 168.108,
		"score" :0.877829
},
	"RightEar" : {
		"x" : 524.49,
		"y" : 220.544,
		"score" :0.918872
},
	"LeftEar" : {
		"x" : 697.357,
		"y" : 194.415,
		"score" :0.866068
},
	"LeftBigToe" : {
		"x" : 775.713,
		"y" : 1823.18,
		"score" :0.743071
},
	"LeftSmallToe" : {
		"x" : 812.536,
		"y" : 1807.57,
		"score" :0.780489
},
	"RightBigToe" : {
		"x" : 712.793,
		"y" : 1744.63,
		"score" :0.579206
},
	"RightSmallToe" : {
		"x" : 634.315,
		"y" : 1859.86,
		"score" :0.726306
},
	"RightHeel" : {
		"x" : 592.298,
		"y" : 1860.02,
		"score" :0.73604
},
	"Background" : {
		"x" : 566.317,
		"y" : 1802.24,
		"score" :0.634315
}
}
}