{
"predictions" : {
	"Nose" : {
		"x" : 314.949,
		"y" : 477.359,
		"score" :0.976428
},
	"Neck" : {
		"x" : 356.466,
		"y" : 613.312,
		"score" :0.889443
},
	"RightShoulder" : {
		"x" : 257.114,
		"y" : 608.173,
		"score" :0.756088
},
	"RightElbow" : {
		"x" : 146.939,
		"y" : 775.688,
		"score" :0.822855
},
	"RightWrist" : {
		"x" : 230.886,
		"y" : 539.921,
		"score" :0.695794
},
	"LeftShoulder" : {
		"x" : 466.625,
		"y" : 618.558,
		"score" :0.786004
},
	"LeftElbow" : {
		"x" : 487.702,
		"y" : 854.146,
		"score" :0.699146
},
	"LeftWrist" : {
		"x" : 508.612,
		"y" : 1095.16,
		"score" :0.751426
},
	"MiddleHip" : {
		"x" : 309.362,
		"y" : 1053.35,
		"score" :0.665461
},
	"RightHip" : {
		"x" : 225.903,
		"y" : 1037.67,
		"score" :0.647907
},
	"RightKnee" : {
		"x" : 267.716,
		"y" : 1362.43,
		"score" :0.837687
},
	"RightAnkle" : {
		"x" : 309.45,
		"y" : 1650.28,
		"score" :0.844387
},
	"LeftHip" : {
		"x" : 387.936,
		"y" : 1063.72,
		"score" :0.626859
},
	"LeftKnee" : {
		"x" : 351.178,
		"y" : 1362.29,
		"score" :0.827303
},
	"LeftAnkle" : {
		"x" : 382.752,
		"y" : 1687.06,
		"score" :0.751665
},
	"RightEye" : {
		"x" : 293.736,
		"y" : 456.284,
		"score" :0.837072
},
	"LeftEye" : {
		"x" : 346.277,
		"y" : 440.544,
		"score" :0.948603
},
	"RightEar" : {
		"x" : 267.51,
		"y" : 477.283,
		"score" :0.368057
},
	"LeftEar" : {
		"x" : 398.468,
		"y" : 440.64,
		"score" :0.92037
},
	"LeftBigToe" : {
		"x" : 257.054,
		"y" : 1734.14,
		"score" :0.599275
},
	"LeftSmallToe" : {
		"x" : 288.628,
		"y" : 1739.62,
		"score" :0.581816
},
	"RightBigToe" : {
		"x" : 398.859,
		"y" : 1713.2,
		"score" :0.711164
},
	"RightSmallToe" : {
		"x" : 204.844,
		"y" : 1718.48,
		"score" :0.708879
},
	"RightHeel" : {
		"x" : 204.799,
		"y" : 1697.58,
		"score" :0.663054
},
	"Background" : {
		"x" : 314.867,
		"y" : 1666.23,
		"score" :0.481111
}
}
}