{
"predictions" : {
	"Nose" : {
		"x" : 780.928,
		"y" : 482.455,
		"score" :0.947843
},
	"Neck" : {
		"x" : 817.428,
		"y" : 686.515,
		"score" :0.89661
},
	"RightShoulder" : {
		"x" : 681.358,
		"y" : 686.599,
		"score" :0.817902
},
	"RightElbow" : {
		"x" : 613.477,
		"y" : 911.924,
		"score" :0.692571
},
	"RightWrist" : {
		"x" : 613.41,
		"y" : 1105.54,
		"score" :0.788513
},
	"LeftShoulder" : {
		"x" : 953.776,
		"y" : 686.391,
		"score" :0.795503
},
	"LeftElbow" : {
		"x" : 932.822,
		"y" : 895.972,
		"score" :0.796701
},
	"LeftWrist" : {
		"x" : 738.957,
		"y" : 817.514,
		"score" :0.846012
},
	"MiddleHip" : {
		"x" : 817.704,
		"y" : 1116.09,
		"score" :0.701657
},
	"RightHip" : {
		"x" : 733.818,
		"y" : 1111.05,
		"score" :0.674235
},
	"RightKnee" : {
		"x" : 791.344,
		"y" : 1398.96,
		"score" :0.808405
},
	"RightAnkle" : {
		"x" : 853.983,
		"y" : 1597.93,
		"score" :0.797239
},
	"LeftHip" : {
		"x" : 901.568,
		"y" : 1116.09,
		"score" :0.683779
},
	"LeftKnee" : {
		"x" : 937.93,
		"y" : 1409.57,
		"score" :0.809647
},
	"LeftAnkle" : {
		"x" : 990.618,
		"y" : 1650.49,
		"score" :0.775683
},
	"RightEye" : {
		"x" : 754.823,
		"y" : 461.487,
		"score" :0.83953
},
	"LeftEye" : {
		"x" : 817.395,
		"y" : 451.048,
		"score" :0.917307
},
	"RightEar" : {
		"x" : 728.46,
		"y" : 482.658,
		"score" :0.633971
},
	"LeftEar" : {
		"x" : 864.767,
		"y" : 482.308,
		"score" :0.885686
},
	"LeftBigToe" : {
		"x" : 995.758,
		"y" : 1765.69,
		"score" :0.725593
},
	"LeftSmallToe" : {
		"x" : 1032.33,
		"y" : 1749.88,
		"score" :0.680445
},
	"RightBigToe" : {
		"x" : 985.374,
		"y" : 1655.86,
		"score" :0.591292
},
	"RightSmallToe" : {
		"x" : 807.217,
		"y" : 1660.84,
		"score" :0.75533
},
	"RightHeel" : {
		"x" : 775.847,
		"y" : 1650.23,
		"score" :0.778486
},
	"Background" : {
		"x" : 875.298,
		"y" : 1608.53,
		"score" :0.692137
}
}
}