{
"predictions" : {
	"Nose" : {
		"x" : 649.853,
		"y" : 230.779,
		"score" :0.945821
},
	"Neck" : {
		"x" : 660.482,
		"y" : 440.32,
		"score" :0.859773
},
	"RightShoulder" : {
		"x" : 492.93,
		"y" : 445.687,
		"score" :0.805075
},
	"RightElbow" : {
		"x" : 440.711,
		"y" : 723.271,
		"score" :0.549904
},
	"RightWrist" : {
		"x" : 440.424,
		"y" : 932.779,
		"score" :0.296876
},
	"LeftShoulder" : {
		"x" : 833.314,
		"y" : 435.007,
		"score" :0.774501
},
	"LeftElbow" : {
		"x" : 911.967,
		"y" : 655.275,
		"score" :0.703847
},
	"LeftWrist" : {
		"x" : 948.673,
		"y" : 828.019,
		"score" :0.784404
},
	"MiddleHip" : {
		"x" : 650.087,
		"y" : 938.175,
		"score" :0.615532
},
	"RightHip" : {
		"x" : 539.962,
		"y" : 943.224,
		"score" :0.564375
},
	"RightKnee" : {
		"x" : 524.485,
		"y" : 1351.73,
		"score" :0.727558
},
	"RightAnkle" : {
		"x" : 518.879,
		"y" : 1702.78,
		"score" :0.777553
},
	"LeftHip" : {
		"x" : 770.373,
		"y" : 943.342,
		"score" :0.581791
},
	"LeftKnee" : {
		"x" : 812.355,
		"y" : 1356.98,
		"score" :0.71013
},
	"LeftAnkle" : {
		"x" : 864.917,
		"y" : 1734.09,
		"score" :0.723964
},
	"RightEye" : {
		"x" : 608.382,
		"y" : 194.394,
		"score" :0.904839
},
	"LeftEye" : {
		"x" : 681.401,
		"y" : 189.148,
		"score" :0.914901
},
	"RightEar" : {
		"x" : 571.504,
		"y" : 225.636,
		"score" :0.910975
},
	"LeftEar" : {
		"x" : 728.451,
		"y" : 199.512,
		"score" :0.901594
},
	"LeftBigToe" : {
		"x" : 943.164,
		"y" : 1823.24,
		"score" :0.760054
},
	"LeftSmallToe" : {
		"x" : 974.741,
		"y" : 1812.64,
		"score" :0.748562
},
	"RightBigToe" : {
		"x" : 843.843,
		"y" : 1776.06,
		"score" :0.646413
},
	"RightSmallToe" : {
		"x" : 382.897,
		"y" : 1781.28,
		"score" :0.7918
},
	"RightHeel" : {
		"x" : 382.825,
		"y" : 1765.71,
		"score" :0.707133
},
	"Background" : {
		"x" : 550.391,
		"y" : 1739.58,
		"score" :0.689847
}
}
}