{
"predictions" : {
	"Nose" : {
		"x" : 518.901,
		"y" : 225.787,
		"score" :0.925884
},
	"Neck" : {
		"x" : 487.705,
		"y" : 440.58,
		"score" :0.872866
},
	"RightShoulder" : {
		"x" : 314.711,
		"y" : 445.759,
		"score" :0.827115
},
	"RightElbow" : {
		"x" : 204.868,
		"y" : 712.812,
		"score" :0.770036
},
	"RightWrist" : {
		"x" : 241.56,
		"y" : 938.171,
		"score" :0.856729
},
	"LeftShoulder" : {
		"x" : 681.283,
		"y" : 435.303,
		"score" :0.828182
},
	"LeftElbow" : {
		"x" : 728.386,
		"y" : 670.835,
		"score" :0.843443
},
	"LeftWrist" : {
		"x" : 812.492,
		"y" : 817.485,
		"score" :0.890779
},
	"MiddleHip" : {
		"x" : 492.986,
		"y" : 943.234,
		"score" :0.652518
},
	"RightHip" : {
		"x" : 398.614,
		"y" : 943.366,
		"score" :0.674682
},
	"RightKnee" : {
		"x" : 398.568,
		"y" : 1257.52,
		"score" :0.837348
},
	"RightAnkle" : {
		"x" : 377.628,
		"y" : 1603.17,
		"score" :0.768017
},
	"LeftHip" : {
		"x" : 597.695,
		"y" : 943.191,
		"score" :0.659363
},
	"LeftKnee" : {
		"x" : 566.029,
		"y" : 1299.54,
		"score" :0.771809
},
	"LeftAnkle" : {
		"x" : 540.042,
		"y" : 1592.77,
		"score" :0.770901
},
	"RightEye" : {
		"x" : 477.327,
		"y" : 188.994,
		"score" :0.964122
},
	"LeftEye" : {
		"x" : 555.539,
		"y" : 188.949,
		"score" :0.900085
},
	"RightEar" : {
		"x" : 430.059,
		"y" : 220.371,
		"score" :0.919348
},
	"LeftEar" : {
		"x" : 597.63,
		"y" : 220.435,
		"score" :0.900984
},
	"LeftBigToe" : {
		"x" : 561.134,
		"y" : 1692.4,
		"score" :0.848293
},
	"LeftSmallToe" : {
		"x" : 597.633,
		"y" : 1676.55,
		"score" :0.796621
},
	"RightBigToe" : {
		"x" : 519.071,
		"y" : 1608.49,
		"score" :0.785665
},
	"RightSmallToe" : {
		"x" : 340.986,
		"y" : 1660.95,
		"score" :0.705326
},
	"RightHeel" : {
		"x" : 309.598,
		"y" : 1650.31,
		"score" :0.741887
},
	"Background" : {
		"x" : 393.467,
		"y" : 1613.89,
		"score" :0.807282
}
}
}