{
"predictions" : {
	"Nose" : {
		"x" : 650.146,
		"y" : 451.098,
		"score" :0.885667
},
	"Neck" : {
		"x" : 597.533,
		"y" : 581.886,
		"score" :0.853037
},
	"RightShoulder" : {
		"x" : 487.525,
		"y" : 581.942,
		"score" :0.835467
},
	"RightElbow" : {
		"x" : 414.321,
		"y" : 712.854,
		"score" :0.196776
},
	"RightWrist" : {
		"x" : 388.104,
		"y" : 650.082,
		"score" :0.304628
},
	"LeftShoulder" : {
		"x" : 691.823,
		"y" : 571.572,
		"score" :0.838498
},
	"LeftElbow" : {
		"x" : 561.016,
		"y" : 728.555,
		"score" :0.929932
},
	"LeftWrist" : {
		"x" : 393.452,
		"y" : 686.866,
		"score" :0.887708
},
	"MiddleHip" : {
		"x" : 623.727,
		"y" : 1021.81,
		"score" :0.683422
},
	"RightHip" : {
		"x" : 555.661,
		"y" : 1022,
		"score" :0.678844
},
	"RightKnee" : {
		"x" : 524.225,
		"y" : 1330.99,
		"score" :0.800587
},
	"RightAnkle" : {
		"x" : 487.719,
		"y" : 1624.22,
		"score" :0.772323
},
	"LeftHip" : {
		"x" : 697.069,
		"y" : 1021.73,
		"score" :0.684484
},
	"LeftKnee" : {
		"x" : 733.843,
		"y" : 1320.54,
		"score" :0.855358
},
	"LeftAnkle" : {
		"x" : 817.523,
		"y" : 1613.94,
		"score" :0.803483
},
	"RightEye" : {
		"x" : 618.55,
		"y" : 435.006,
		"score" :0.883011
},
	"LeftEye" : {
		"x" : 676.276,
		"y" : 429.93,
		"score" :0.884242
},
	"RightEar" : {
		"x" : 560.733,
		"y" : 440.505,
		"score" :0.866016
},
	"LeftEar" : {
		"x" : 0,
		"y" : 0,
		"score" :0
},
	"LeftBigToe" : {
		"x" : 775.609,
		"y" : 1692.16,
		"score" :0.774294
},
	"LeftSmallToe" : {
		"x" : 822.847,
		"y" : 1692.08,
		"score" :0.73241
},
	"RightBigToe" : {
		"x" : 848.926,
		"y" : 1650.6,
		"score" :0.645591
},
	"RightSmallToe" : {
		"x" : 435.22,
		"y" : 1697.72,
		"score" :0.683626
},
	"RightHeel" : {
		"x" : 409.011,
		"y" : 1692.05,
		"score" :0.693124
},
	"Background" : {
		"x" : 513.903,
		"y" : 1660.86,
		"score" :0.761262
}
}
}