{
"predictions" : {
	"Nose" : {
		"x" : 560.667,
		"y" : 382.909,
		"score" :0.878158
},
	"Neck" : {
		"x" : 461.328,
		"y" : 440.718,
		"score" :0.866965
},
	"RightShoulder" : {
		"x" : 335.666,
		"y" : 403.964,
		"score" :0.794998
},
	"RightElbow" : {
		"x" : 188.897,
		"y" : 571.413,
		"score" :0.884449
},
	"RightWrist" : {
		"x" : 241.487,
		"y" : 639.471,
		"score" :0.825485
},
	"LeftShoulder" : {
		"x" : 592.26,
		"y" : 482.437,
		"score" :0.851576
},
	"LeftElbow" : {
		"x" : 634.327,
		"y" : 718.155,
		"score" :0.799186
},
	"LeftWrist" : {
		"x" : 780.867,
		"y" : 749.538,
		"score" :0.772183
},
	"MiddleHip" : {
		"x" : 403.895,
		"y" : 849.058,
		"score" :0.701477
},
	"RightHip" : {
		"x" : 309.73,
		"y" : 854.137,
		"score" :0.672041
},
	"RightKnee" : {
		"x" : 146.997,
		"y" : 1168.57,
		"score" :0.775406
},
	"RightAnkle" : {
		"x" : 94.7766,
		"y" : 1461.91,
		"score" :0.264319
},
	"LeftHip" : {
		"x" : 513.633,
		"y" : 848.917,
		"score" :0.679402
},
	"LeftKnee" : {
		"x" : 707.604,
		"y" : 1147.48,
		"score" :0.702294
},
	"LeftAnkle" : {
		"x" : 848.905,
		"y" : 1461.83,
		"score" :0.366439
},
	"RightEye" : {
		"x" : 524.31,
		"y" : 351.452,
		"score" :0.960436
},
	"LeftEye" : {
		"x" : 566.413,
		"y" : 351.581,
		"score" :0.944348
},
	"RightEar" : {
		"x" : 445.784,
		"y" : 314.993,
		"score" :0.907489
},
	"LeftEar" : {
		"x" : 0,
		"y" : 0,
		"score" :0
},
	"LeftBigToe" : {
		"x" : 0,
		"y" : 0,
		"score" :0
},
	"LeftSmallToe" : {
		"x" : 0,
		"y" : 0,
		"score" :0
},
	"RightBigToe" : {
		"x" : 859.386,
		"y" : 1493.34,
		"score" :0.168941
},
	"RightSmallToe" : {
		"x" : 63.347,
		"y" : 1524.68,
		"score" :0.12234
},
	"RightHeel" : {
		"x" : 47.6559,
		"y" : 1498.51,
		"score" :0.114155
},
	"Background" : {
		"x" : 99.9555,
		"y" : 1493.27,
		"score" :0.154433
}
}
}