{
"predictions" : {
	"Nose" : {
		"x" : 676.181,
		"y" : 356.594,
		"score" :0.912777
},
	"Neck" : {
		"x" : 608.028,
		"y" : 487.706,
		"score" :0.880373
},
	"RightShoulder" : {
		"x" : 445.906,
		"y" : 482.258,
		"score" :0.807274
},
	"RightElbow" : {
		"x" : 419.609,
		"y" : 692.005,
		"score" :0.82825
},
	"RightWrist" : {
		"x" : 629.029,
		"y" : 650.126,
		"score" :0.852611
},
	"LeftShoulder" : {
		"x" : 775.532,
		"y" : 503.245,
		"score" :0.761143
},
	"LeftElbow" : {
		"x" : 854.165,
		"y" : 697.088,
		"score" :0.796913
},
	"LeftWrist" : {
		"x" : 859.453,
		"y" : 770.632,
		"score" :0.901822
},
	"MiddleHip" : {
		"x" : 602.592,
		"y" : 990.589,
		"score" :0.674579
},
	"RightHip" : {
		"x" : 482.324,
		"y" : 990.485,
		"score" :0.66983
},
	"RightKnee" : {
		"x" : 518.969,
		"y" : 1362.43,
		"score" :0.776217
},
	"RightAnkle" : {
		"x" : 529.689,
		"y" : 1681.85,
		"score" :0.722051
},
	"LeftHip" : {
		"x" : 702.41,
		"y" : 995.681,
		"score" :0.626807
},
	"LeftKnee" : {
		"x" : 660.489,
		"y" : 1330.95,
		"score" :0.763396
},
	"LeftAnkle" : {
		"x" : 639.435,
		"y" : 1734.3,
		"score" :0.724545
},
	"RightEye" : {
		"x" : 639.424,
		"y" : 314.933,
		"score" :0.935219
},
	"LeftEye" : {
		"x" : 697.069,
		"y" : 320.017,
		"score" :0.914944
},
	"RightEar" : {
		"x" : 560.66,
		"y" : 320.016,
		"score" :0.917534
},
	"LeftEar" : {
		"x" : 739.204,
		"y" : 330.461,
		"score" :0.13538
},
	"LeftBigToe" : {
		"x" : 639.606,
		"y" : 1828.66,
		"score" :0.743946
},
	"LeftSmallToe" : {
		"x" : 681.444,
		"y" : 1823.13,
		"score" :0.824177
},
	"RightBigToe" : {
		"x" : 602.997,
		"y" : 1755.12,
		"score" :0.553937
},
	"RightSmallToe" : {
		"x" : 534.703,
		"y" : 1776.05,
		"score" :0.768631
},
	"RightHeel" : {
		"x" : 503.276,
		"y" : 1760.5,
		"score" :0.713613
},
	"Background" : {
		"x" : 555.636,
		"y" : 1697.55,
		"score" :0.469803
}
}
}