{
"predictions" : {
	"Nose" : {
		"x" : 812.182,
		"y" : 477.047,
		"score" :0.940959
},
	"Neck" : {
		"x" : 812.148,
		"y" : 571.39,
		"score" :0.930151
},
	"RightShoulder" : {
		"x" : 691.722,
		"y" : 566.289,
		"score" :0.899693
},
	"RightElbow" : {
		"x" : 571.332,
		"y" : 681.204,
		"score" :0.87356
},
	"RightWrist" : {
		"x" : 644.69,
		"y" : 817.841,
		"score" :0.922346
},
	"LeftShoulder" : {
		"x" : 917.235,
		"y" : 571.326,
		"score" :0.869267
},
	"LeftElbow" : {
		"x" : 959.108,
		"y" : 697.036,
		"score" :0.820454
},
	"LeftWrist" : {
		"x" : 974.663,
		"y" : 780.983,
		"score" :0.856825
},
	"MiddleHip" : {
		"x" : 786.187,
		"y" : 911.839,
		"score" :0.758033
},
	"RightHip" : {
		"x" : 723.09,
		"y" : 906.773,
		"score" :0.760719
},
	"RightKnee" : {
		"x" : 723.255,
		"y" : 1194.86,
		"score" :0.851885
},
	"RightAnkle" : {
		"x" : 728.443,
		"y" : 1299.58,
		"score" :0.873674
},
	"LeftHip" : {
		"x" : 859.62,
		"y" : 911.949,
		"score" :0.787735
},
	"LeftKnee" : {
		"x" : 859.664,
		"y" : 1163.22,
		"score" :0.874477
},
	"LeftAnkle" : {
		"x" : 859.372,
		"y" : 1430.5,
		"score" :0.872836
},
	"RightEye" : {
		"x" : 781.068,
		"y" : 445.838,
		"score" :0.879667
},
	"LeftEye" : {
		"x" : 822.916,
		"y" : 445.837,
		"score" :0.876865
},
	"RightEar" : {
		"x" : 754.852,
		"y" : 445.852,
		"score" :0.853927
},
	"LeftEar" : {
		"x" : 859.612,
		"y" : 445.899,
		"score" :0.914864
},
	"LeftBigToe" : {
		"x" : 869.927,
		"y" : 1493.38,
		"score" :0.780953
},
	"LeftSmallToe" : {
		"x" : 901.675,
		"y" : 1487.97,
		"score" :0.885165
},
	"RightBigToe" : {
		"x" : 843.675,
		"y" : 1446.15,
		"score" :0.74967
},
	"RightSmallToe" : {
		"x" : 702.516,
		"y" : 1404.15,
		"score" :0.912783
},
	"RightHeel" : {
		"x" : 681.395,
		"y" : 1388.56,
		"score" :0.829957
},
	"Background" : {
		"x" : 733.887,
		"y" : 1288.93,
		"score" :0.856678
}
}
}