{
"predictions" : {
	"Nose" : {
		"x" : 325.387,
		"y" : 362.043,
		"score" :0.856301
},
	"Neck" : {
		"x" : 403.828,
		"y" : 477.001,
		"score" :0.847053
},
	"RightShoulder" : {
		"x" : 304.165,
		"y" : 487.568,
		"score" :0.785245
},
	"RightElbow" : {
		"x" : 283.268,
		"y" : 691.809,
		"score" :0.862216
},
	"RightWrist" : {
		"x" : 147.369,
		"y" : 817.387,
		"score" :0.879409
},
	"LeftShoulder" : {
		"x" : 519.106,
		"y" : 445.815,
		"score" :0.747834
},
	"LeftElbow" : {
		"x" : 665.732,
		"y" : 597.656,
		"score" :0.801576
},
	"LeftWrist" : {
		"x" : 723.429,
		"y" : 738.947,
		"score" :0.861815
},
	"MiddleHip" : {
		"x" : 450.885,
		"y" : 890.891,
		"score" :0.764814
},
	"RightHip" : {
		"x" : 382.929,
		"y" : 895.937,
		"score" :0.759187
},
	"RightKnee" : {
		"x" : 299.01,
		"y" : 1116.2,
		"score" :0.753333
},
	"RightAnkle" : {
		"x" : 319.97,
		"y" : 1446.17,
		"score" :0.775153
},
	"LeftHip" : {
		"x" : 524.356,
		"y" : 890.885,
		"score" :0.76469
},
	"LeftKnee" : {
		"x" : 513.9,
		"y" : 1152.76,
		"score" :0.786667
},
	"LeftAnkle" : {
		"x" : 566.045,
		"y" : 1519.57,
		"score" :0.771709
},
	"RightEye" : {
		"x" : 304.191,
		"y" : 346.025,
		"score" :0.883671
},
	"LeftEye" : {
		"x" : 356.607,
		"y" : 330.43,
		"score" :0.890528
},
	"RightEar" : {
		"x" : 272.738,
		"y" : 346.154,
		"score" :0.290863
},
	"LeftEar" : {
		"x" : 409.052,
		"y" : 314.769,
		"score" :0.88814
},
	"LeftBigToe" : {
		"x" : 476.944,
		"y" : 1571.87,
		"score" :0.702907
},
	"LeftSmallToe" : {
		"x" : 519.122,
		"y" : 1582.38,
		"score" :0.6383
},
	"RightBigToe" : {
		"x" : 602.843,
		"y" : 1561.32,
		"score" :0.632704
},
	"RightSmallToe" : {
		"x" : 178.565,
		"y" : 1451.59,
		"score" :0.674825
},
	"RightHeel" : {
		"x" : 183.689,
		"y" : 1441.12,
		"score" :0.717821
},
	"Background" : {
		"x" : 356.719,
		"y" : 1487.99,
		"score" :0.736497
}
}
}