{
"predictions" : {
	"Nose" : {
		"x" : 398.511,
		"y" : 775.905,
		"score" :0.967381
},
	"Neck" : {
		"x" : 403.887,
		"y" : 901.444,
		"score" :0.920848
},
	"RightShoulder" : {
		"x" : 309.473,
		"y" : 906.69,
		"score" :0.898175
},
	"RightElbow" : {
		"x" : 299.111,
		"y" : 1074.29,
		"score" :0.851905
},
	"RightWrist" : {
		"x" : 278.111,
		"y" : 1231.57,
		"score" :0.949126
},
	"LeftShoulder" : {
		"x" : 513.913,
		"y" : 896.383,
		"score" :0.913741
},
	"LeftElbow" : {
		"x" : 529.541,
		"y" : 1058.43,
		"score" :0.8916
},
	"LeftWrist" : {
		"x" : 560.71,
		"y" : 1194.92,
		"score" :0.928858
},
	"MiddleHip" : {
		"x" : 434.975,
		"y" : 1231.32,
		"score" :0.831379
},
	"RightHip" : {
		"x" : 356.888,
		"y" : 1231.54,
		"score" :0.818584
},
	"RightKnee" : {
		"x" : 377.592,
		"y" : 1461.96,
		"score" :0.817438
},
	"RightAnkle" : {
		"x" : 387.953,
		"y" : 1702.75,
		"score" :0.848532
},
	"LeftHip" : {
		"x" : 487.614,
		"y" : 1231.16,
		"score" :0.781365
},
	"LeftKnee" : {
		"x" : 519.128,
		"y" : 1456.55,
		"score" :0.899734
},
	"LeftAnkle" : {
		"x" : 550.423,
		"y" : 1697.56,
		"score" :0.840858
},
	"RightEye" : {
		"x" : 382.941,
		"y" : 770.169,
		"score" :0.907756
},
	"LeftEye" : {
		"x" : 419.457,
		"y" : 765.286,
		"score" :0.881784
},
	"RightEar" : {
		"x" : 351.495,
		"y" : 775.482,
		"score" :0.956744
},
	"LeftEar" : {
		"x" : 440.586,
		"y" : 770.616,
		"score" :0.948888
},
	"LeftBigToe" : {
		"x" : 576.646,
		"y" : 1765.52,
		"score" :0.770225
},
	"LeftSmallToe" : {
		"x" : 607.958,
		"y" : 1739.7,
		"score" :0.851211
},
	"RightBigToe" : {
		"x" : 529.533,
		"y" : 1728.98,
		"score" :0.793103
},
	"RightSmallToe" : {
		"x" : 356.479,
		"y" : 1765.71,
		"score" :0.85571
},
	"RightHeel" : {
		"x" : 330.477,
		"y" : 1749.85,
		"score" :0.843993
},
	"Background" : {
		"x" : 398.36,
		"y" : 1734.05,
		"score" :0.908151
}
}
}