{
"predictions" : {
	"Nose" : {
		"x" : 560.641,
		"y" : 293.745,
		"score" :0.854217
},
	"Neck" : {
		"x" : 561.031,
		"y" : 393.384,
		"score" :0.867715
},
	"RightShoulder" : {
		"x" : 362.088,
		"y" : 393.163,
		"score" :0.771372
},
	"RightElbow" : {
		"x" : 314.583,
		"y" : 597.596,
		"score" :0.840829
},
	"RightWrist" : {
		"x" : 482.278,
		"y" : 398.771,
		"score" :0.751484
},
	"LeftShoulder" : {
		"x" : 749.52,
		"y" : 398.518,
		"score" :0.762248
},
	"LeftElbow" : {
		"x" : 833.337,
		"y" : 644.556,
		"score" :0.66311
},
	"LeftWrist" : {
		"x" : 817.609,
		"y" : 838.517,
		"score" :0.675849
},
	"MiddleHip" : {
		"x" : 566.339,
		"y" : 906.654,
		"score" :0.564531
},
	"RightHip" : {
		"x" : 461.41,
		"y" : 901.456,
		"score" :0.535171
},
	"RightKnee" : {
		"x" : 382.845,
		"y" : 1320.5,
		"score" :0.641036
},
	"RightAnkle" : {
		"x" : 210.023,
		"y" : 1739.29,
		"score" :0.694732
},
	"LeftHip" : {
		"x" : 686.657,
		"y" : 911.904,
		"score" :0.541434
},
	"LeftKnee" : {
		"x" : 644.553,
		"y" : 1325.63,
		"score" :0.695911
},
	"LeftAnkle" : {
		"x" : 571.492,
		"y" : 1739.29,
		"score" :0.730877
},
	"RightEye" : {
		"x" : 513.811,
		"y" : 267.352,
		"score" :0.907977
},
	"LeftEye" : {
		"x" : 581.97,
		"y" : 241.475,
		"score" :0.856904
},
	"RightEar" : {
		"x" : 450.95,
		"y" : 236.208,
		"score" :0.774362
},
	"LeftEar" : {
		"x" : 634.247,
		"y" : 215.118,
		"score" :0.763406
},
	"LeftBigToe" : {
		"x" : 519.194,
		"y" : 1791.84,
		"score" :0.675027
},
	"LeftSmallToe" : {
		"x" : 571.459,
		"y" : 1807.45,
		"score" :0.651503
},
	"RightBigToe" : {
		"x" : 566.307,
		"y" : 1776.19,
		"score" :0.469046
},
	"RightSmallToe" : {
		"x" : 100.06,
		"y" : 1812.77,
		"score" :0.750137
},
	"RightHeel" : {
		"x" : 94.6811,
		"y" : 1781.54,
		"score" :0.68368
},
	"Background" : {
		"x" : 231.062,
		"y" : 1781.48,
		"score" :0.520209
}
}
}