{
"predictions" : {
	"Nose" : {
		"x" : 644.99,
		"y" : 393.568,
		"score" :0.92761
},
	"Neck" : {
		"x" : 644.781,
		"y" : 539.969,
		"score" :0.900958
},
	"RightShoulder" : {
		"x" : 518.898,
		"y" : 524.474,
		"score" :0.877367
},
	"RightElbow" : {
		"x" : 482.377,
		"y" : 770.292,
		"score" :0.919088
},
	"RightWrist" : {
		"x" : 508.528,
		"y" : 723.363,
		"score" :0.835478
},
	"LeftShoulder" : {
		"x" : 775.549,
		"y" : 555.535,
		"score" :0.838103
},
	"LeftElbow" : {
		"x" : 896.37,
		"y" : 739.076,
		"score" :0.86274
},
	"LeftWrist" : {
		"x" : 1011.36,
		"y" : 917.164,
		"score" :0.800551
},
	"MiddleHip" : {
		"x" : 623.847,
		"y" : 985.187,
		"score" :0.64697
},
	"RightHip" : {
		"x" : 539.94,
		"y" : 980.016,
		"score" :0.630825
},
	"RightKnee" : {
		"x" : 498.037,
		"y" : 1341.32,
		"score" :0.79913
},
	"RightAnkle" : {
		"x" : 644.448,
		"y" : 1603.23,
		"score" :0.824454
},
	"LeftHip" : {
		"x" : 718.031,
		"y" : 985.328,
		"score" :0.641833
},
	"LeftKnee" : {
		"x" : 691.658,
		"y" : 1325.8,
		"score" :0.850523
},
	"LeftAnkle" : {
		"x" : 655.308,
		"y" : 1671.44,
		"score" :0.76178
},
	"RightEye" : {
		"x" : 608.392,
		"y" : 361.989,
		"score" :0.895313
},
	"LeftEye" : {
		"x" : 681.352,
		"y" : 361.911,
		"score" :0.894435
},
	"RightEar" : {
		"x" : 566.477,
		"y" : 393.2,
		"score" :0.873416
},
	"LeftEar" : {
		"x" : 717.991,
		"y" : 388.093,
		"score" :0.790832
},
	"LeftBigToe" : {
		"x" : 602.881,
		"y" : 1781.47,
		"score" :0.756383
},
	"LeftSmallToe" : {
		"x" : 644.833,
		"y" : 1781.55,
		"score" :0.760485
},
	"RightBigToe" : {
		"x" : 676.186,
		"y" : 1692.43,
		"score" :0.658576
},
	"RightSmallToe" : {
		"x" : 592.391,
		"y" : 1676.54,
		"score" :0.717833
},
	"RightHeel" : {
		"x" : 581.819,
		"y" : 1660.91,
		"score" :0.735286
},
	"Background" : {
		"x" : 650.258,
		"y" : 1608.39,
		"score" :0.464924
}
}
}