{
"predictions" : {
	"Nose" : {
		"x" : 676.034,
		"y" : 524.555,
		"score" :0.880257
},
	"Neck" : {
		"x" : 691.645,
		"y" : 644.651,
		"score" :0.947506
},
	"RightShoulder" : {
		"x" : 602.952,
		"y" : 639.395,
		"score" :0.85801
},
	"RightElbow" : {
		"x" : 561.124,
		"y" : 749.626,
		"score" :0.862555
},
	"RightWrist" : {
		"x" : 566.002,
		"y" : 571.474,
		"score" :0.831605
},
	"LeftShoulder" : {
		"x" : 775.84,
		"y" : 644.953,
		"score" :0.912544
},
	"LeftElbow" : {
		"x" : 885.689,
		"y" : 781.041,
		"score" :0.817747
},
	"LeftWrist" : {
		"x" : 1027.14,
		"y" : 791.405,
		"score" :0.519053
},
	"MiddleHip" : {
		"x" : 686.498,
		"y" : 980.117,
		"score" :0.836024
},
	"RightHip" : {
		"x" : 608.271,
		"y" : 980.013,
		"score" :0.81808
},
	"RightKnee" : {
		"x" : 602.859,
		"y" : 1231.54,
		"score" :0.87195
},
	"RightAnkle" : {
		"x" : 603.06,
		"y" : 1273.47,
		"score" :0.878614
},
	"LeftHip" : {
		"x" : 749.444,
		"y" : 985.224,
		"score" :0.754198
},
	"LeftKnee" : {
		"x" : 691.863,
		"y" : 1288.94,
		"score" :0.75398
},
	"LeftAnkle" : {
		"x" : 634.137,
		"y" : 1571.76,
		"score" :0.805081
},
	"RightEye" : {
		"x" : 649.892,
		"y" : 518.893,
		"score" :0.93104
},
	"LeftEye" : {
		"x" : 691.81,
		"y" : 513.741,
		"score" :0.918729
},
	"RightEar" : {
		"x" : 623.8,
		"y" : 529.457,
		"score" :0.36369
},
	"LeftEar" : {
		"x" : 733.846,
		"y" : 524.156,
		"score" :0.857769
},
	"LeftBigToe" : {
		"x" : 597.617,
		"y" : 1613.68,
		"score" :0.778064
},
	"LeftSmallToe" : {
		"x" : 634.27,
		"y" : 1618.91,
		"score" :0.744439
},
	"RightBigToe" : {
		"x" : 618.637,
		"y" : 1603.1,
		"score" :0.578103
},
	"RightSmallToe" : {
		"x" : 602.692,
		"y" : 1336.1,
		"score" :0.713835
},
	"RightHeel" : {
		"x" : 571.344,
		"y" : 1320.51,
		"score" :0.793924
},
	"Background" : {
		"x" : 608.301,
		"y" : 1273.19,
		"score" :0.704974
}
}
}